,City,Cloudiness,Country,Date,Humidity,Lat,Lon,Max Temp,Wind Speed
0,Karratha,95.0,AU,2020-04-20 03:33:50,51.0,-20.74,116.85,87.69,9.84
1,Karratha,95.0,AU,2020-04-20 03:33:50,51.0,-20.74,116.85,87.69,9.84
2,Dartford,0.0,GB,2020-04-20 03:30:02,81.0,51.44,0.22,46.0,3.36
3,Pamplona,90.0,ES,2020-04-20 03:34:34,93.0,42.82,-1.64,53.01,5.82
4,Katsuura,75.0,JP,2020-04-20 03:34:34,93.0,35.13,140.3,55.4,11.41
5,Puerto Ayora,50.0,EC,2020-04-20 03:34:34,86.0,-0.74,-90.35,80.01,8.01
6,Ohafia,97.0,NG,2020-04-20 03:34:34,87.0,5.62,7.83,74.35,2.95
7,Vaini,40.0,TO,2020-04-20 03:33:39,74.0,-21.2,-175.2,82.4,10.29
8,Cayenne,100.0,GF,2020-04-20 03:30:04,100.0,4.93,-52.33,77.0,3.36
9,Punta Arenas,40.0,CL,2020-04-20 03:34:35,75.0,-53.15,-70.92,42.8,19.46
10,Abnūb,0.0,EG,2020-04-20 03:34:35,51.0,27.27,31.15,60.8,8.05
11,Mildura,99.0,AU,2020-04-20 03:31:21,46.0,-34.2,142.15,73.4,10.29
12,Santa Cruz de Tenerife,75.0,ES,2020-04-20 03:34:36,100.0,28.47,-16.25,57.99,17.22
13,Malanje,44.0,AO,2020-04-20 03:34:36,70.0,-9.54,16.34,62.31,2.77
14,Jamestown,90.0,US,2020-04-20 03:34:36,74.0,42.1,-79.24,39.99,9.17
15,Ushuaia,75.0,AR,2020-04-20 03:34:37,86.0,-54.8,-68.3,39.2,24.16
16,San Cristobal,98.0,VE,2020-04-20 03:34:37,63.0,7.77,-72.22,67.6,1.95
17,Mataura,90.0,NZ,2020-04-20 03:34:38,68.0,-46.19,168.86,57.0,5.99
18,Rikitea,93.0,PF,2020-04-20 03:34:38,71.0,-23.12,-134.97,76.84,6.76
19,Cape Town,75.0,ZA,2020-04-20 03:32:19,77.0,-33.93,18.42,63.0,17.22
20,Road Town,22.0,VG,2020-04-20 03:34:08,82.0,18.42,-64.62,80.01,17.0
21,Atuona,45.0,PF,2020-04-20 03:34:39,75.0,-9.8,-139.03,82.72,12.82
22,Kapaa,20.0,US,2020-04-20 03:34:39,65.0,22.08,-159.32,78.8,10.29
23,Westerland,0.0,DE,2020-04-20 03:34:39,62.0,54.91,8.3,45.19,14.52
24,Saint-Philippe,75.0,RE,2020-04-20 03:34:39,69.0,-21.36,55.77,75.2,9.17
25,Esim,100.0,GH,2020-04-20 03:34:40,82.0,4.87,-2.24,81.27,6.38
26,Chui,0.0,UY,2020-04-20 03:34:40,85.0,-33.7,-53.46,64.47,9.71
27,Bethel,1.0,US,2020-04-20 03:34:40,40.0,41.37,-73.41,53.6,6.93
28,Severo-Kuril'sk,52.0,RU,2020-04-20 03:34:40,92.0,50.68,156.12,31.71,9.17
29,Baruun-Urt,92.0,MN,2020-04-20 03:34:40,64.0,46.68,113.28,26.13,15.68
30,Longyearbyen,75.0,SJ,2020-04-20 03:34:41,85.0,78.22,15.64,24.8,28.86
31,George Town,20.0,MY,2020-04-20 03:34:41,70.0,5.41,100.34,91.4,4.7
32,Callaway,90.0,US,2020-04-20 03:34:41,88.0,30.15,-85.57,77.0,12.75
33,Geraldton,75.0,AU,2020-04-20 03:34:42,44.0,-28.77,114.6,75.2,11.41
34,Mar del Plata,98.0,AR,2020-04-20 03:34:42,87.0,-38.0,-57.56,62.01,2.24
35,Beringovskiy,100.0,RU,2020-04-20 03:34:42,96.0,63.05,179.32,21.47,17.56
36,Dorogino,9.0,RU,2020-04-20 03:34:42,53.0,54.36,83.32,52.63,2.68
37,Tuatapere,16.0,NZ,2020-04-20 03:34:43,68.0,-46.13,167.68,57.0,5.99
38,Adrar,0.0,MR,2020-04-20 03:34:43,20.0,20.5,-10.07,72.52,7.61
39,Pisco,0.0,PE,2020-04-20 03:34:43,82.0,-13.7,-76.22,68.0,6.93
40,Xining,87.0,CN,2020-04-20 03:34:43,22.0,36.62,101.77,45.46,6.31
41,Bonavista,100.0,CA,2020-04-20 03:34:44,98.0,48.65,-53.11,32.25,30.91
42,Barrow,90.0,US,2020-04-20 03:34:44,85.0,71.29,-156.79,10.4,6.93
43,Tura,97.0,IN,2020-04-20 03:34:44,63.0,25.52,90.22,79.81,6.87
44,Sechelt,10.0,CA,2020-04-20 03:34:45,85.0,49.47,-123.77,54.0,1.01
45,Karratha,95.0,AU,2020-04-20 03:33:50,51.0,-20.74,116.85,87.69,9.84
46,Dartford,0.0,GB,2020-04-20 03:30:02,81.0,51.44,0.22,46.0,3.36
47,Pamplona,90.0,ES,2020-04-20 03:34:34,93.0,42.82,-1.64,53.01,5.82
48,Katsuura,75.0,JP,2020-04-20 03:34:34,93.0,35.13,140.3,55.4,11.41
49,Puerto Ayora,50.0,EC,2020-04-20 03:34:34,86.0,-0.74,-90.35,80.01,8.01
50,Ohafia,97.0,NG,2020-04-20 03:34:34,87.0,5.62,7.83,74.35,2.95
51,Vaini,40.0,TO,2020-04-20 03:33:39,74.0,-21.2,-175.2,82.4,10.29
52,Cayenne,100.0,GF,2020-04-20 03:30:04,100.0,4.93,-52.33,77.0,3.36
53,Punta Arenas,40.0,CL,2020-04-20 03:34:35,75.0,-53.15,-70.92,42.8,19.46
54,Abnūb,0.0,EG,2020-04-20 03:34:35,51.0,27.27,31.15,60.8,8.05
55,Mildura,99.0,AU,2020-04-20 03:31:21,46.0,-34.2,142.15,73.4,10.29
56,Santa Cruz de Tenerife,75.0,ES,2020-04-20 03:34:36,100.0,28.47,-16.25,57.99,17.22
57,Malanje,44.0,AO,2020-04-20 03:34:36,70.0,-9.54,16.34,62.31,2.77
58,Jamestown,90.0,US,2020-04-20 03:34:36,74.0,42.1,-79.24,39.99,9.17
59,Ushuaia,75.0,AR,2020-04-20 03:34:37,86.0,-54.8,-68.3,39.2,24.16
60,San Cristobal,98.0,VE,2020-04-20 03:34:37,63.0,7.77,-72.22,67.6,1.95
61,Mataura,90.0,NZ,2020-04-20 03:34:38,68.0,-46.19,168.86,57.0,5.99
62,Rikitea,93.0,PF,2020-04-20 03:34:38,71.0,-23.12,-134.97,76.84,6.76
63,Cape Town,75.0,ZA,2020-04-20 03:32:19,77.0,-33.93,18.42,63.0,17.22
64,Road Town,22.0,VG,2020-04-20 03:34:08,82.0,18.42,-64.62,80.01,17.0
65,Atuona,45.0,PF,2020-04-20 03:34:39,75.0,-9.8,-139.03,82.72,12.82
66,Kapaa,20.0,US,2020-04-20 03:34:39,65.0,22.08,-159.32,78.8,10.29
67,Westerland,0.0,DE,2020-04-20 03:34:39,62.0,54.91,8.3,45.19,14.52
68,Saint-Philippe,75.0,RE,2020-04-20 03:34:39,69.0,-21.36,55.77,75.2,9.17
69,Esim,100.0,GH,2020-04-20 03:34:40,82.0,4.87,-2.24,81.27,6.38
70,Chui,0.0,UY,2020-04-20 03:34:40,85.0,-33.7,-53.46,64.47,9.71
71,Bethel,1.0,US,2020-04-20 03:34:40,40.0,41.37,-73.41,53.6,6.93
72,Severo-Kuril'sk,52.0,RU,2020-04-20 03:34:40,92.0,50.68,156.12,31.71,9.17
73,Baruun-Urt,92.0,MN,2020-04-20 03:34:40,64.0,46.68,113.28,26.13,15.68
74,Longyearbyen,75.0,SJ,2020-04-20 03:34:41,85.0,78.22,15.64,24.8,28.86
75,George Town,20.0,MY,2020-04-20 03:34:41,70.0,5.41,100.34,91.4,4.7
76,Callaway,90.0,US,2020-04-20 03:34:41,88.0,30.15,-85.57,77.0,12.75
77,Geraldton,75.0,AU,2020-04-20 03:34:42,44.0,-28.77,114.6,75.2,11.41
78,Mar del Plata,98.0,AR,2020-04-20 03:34:42,87.0,-38.0,-57.56,62.01,2.24
79,Beringovskiy,100.0,RU,2020-04-20 03:34:42,96.0,63.05,179.32,21.47,17.56
80,Dorogino,9.0,RU,2020-04-20 03:34:42,53.0,54.36,83.32,52.63,2.68
81,Tuatapere,16.0,NZ,2020-04-20 03:34:43,68.0,-46.13,167.68,57.0,5.99
82,Adrar,0.0,MR,2020-04-20 03:34:43,20.0,20.5,-10.07,72.52,7.61
83,Pisco,0.0,PE,2020-04-20 03:34:43,82.0,-13.7,-76.22,68.0,6.93
84,Xining,87.0,CN,2020-04-20 03:34:43,22.0,36.62,101.77,45.46,6.31
85,Bonavista,100.0,CA,2020-04-20 03:34:44,98.0,48.65,-53.11,32.25,30.91
86,Barrow,90.0,US,2020-04-20 03:34:44,85.0,71.29,-156.79,10.4,6.93
87,Tura,97.0,IN,2020-04-20 03:34:44,63.0,25.52,90.22,79.81,6.87
88,Sechelt,10.0,CA,2020-04-20 03:34:45,85.0,49.47,-123.77,54.0,1.01
89,Hoyerswerda,0.0,DE,2020-04-20 03:35:25,65.0,51.43,14.25,37.99,1.01
90,Micheweni,100.0,TZ,2020-04-20 03:35:25,78.0,-4.97,39.83,80.53,15.43
91,Soe,2.0,ID,2020-04-20 03:35:25,53.0,-9.86,124.28,79.12,5.7
92,Butaritari,26.0,KI,2020-04-20 03:35:26,70.0,3.07,172.79,83.77,7.83
93,Bambous Virieux,40.0,MU,2020-04-20 03:35:26,83.0,-20.34,57.76,75.2,23.04
94,Port Alfred,0.0,ZA,2020-04-20 03:35:26,63.0,-33.59,26.89,71.01,3.0
95,Marion,90.0,US,2020-04-20 03:34:24,50.0,39.77,-86.16,54.0,11.41
96,Pangody,85.0,RU,2020-04-20 03:35:27,93.0,65.85,74.49,33.08,12.73
97,Ballina,64.0,AU,2020-04-20 03:35:27,34.0,-28.87,153.57,78.8,10.29
98,Albany,94.0,US,2020-04-20 03:35:27,75.0,42.6,-73.97,50.0,5.88
99,Gravdal,75.0,NO,2020-04-20 03:35:27,93.0,68.12,13.5,42.8,10.29
100,Saint-François,90.0,FR,2020-04-20 03:35:27,87.0,46.42,3.91,55.99,1.61
101,Praia da Vitória,40.0,PT,2020-04-20 03:35:28,76.0,38.73,-27.07,55.4,14.0
102,East London,0.0,ZA,2020-04-20 03:35:28,45.0,-33.02,27.91,84.2,11.41
103,Airai,32.0,TL,2020-04-20 03:35:28,43.0,-8.93,125.41,72.95,3.47
104,Ribeira Grande,2.0,PT,2020-04-20 03:35:28,58.0,38.52,-28.7,56.26,7.27
105,Alice Springs,53.0,AU,2020-04-20 03:30:46,15.0,-23.7,133.88,96.8,10.29
106,Port Elizabeth,0.0,ZA,2020-04-20 03:35:29,37.0,-33.92,25.57,71.6,14.99
107,Kahului,75.0,US,2020-04-20 03:34:02,54.0,20.89,-156.47,80.6,10.29
108,Sioux Lookout,90.0,CA,2020-04-20 03:35:29,59.0,50.1,-91.92,35.6,14.99
109,Aksu,96.0,CN,2020-04-20 03:35:30,40.0,41.12,80.26,57.87,1.54
110,Te Anau,23.0,NZ,2020-04-20 03:35:30,54.0,-45.42,167.72,53.29,7.65
111,Kruisfontein,0.0,ZA,2020-04-20 03:35:30,74.0,-34.0,24.73,60.62,5.37
112,Altay,0.0,CN,2020-04-20 03:35:30,30.0,47.87,88.12,55.11,2.37
113,Hilo,20.0,US,2020-04-20 03:35:30,57.0,19.73,-155.09,78.8,9.17
114,Karratha,95.0,AU,2020-04-20 03:33:50,51.0,-20.74,116.85,87.69,9.84
115,Dartford,0.0,GB,2020-04-20 03:30:02,81.0,51.44,0.22,46.0,3.36
116,Pamplona,90.0,ES,2020-04-20 03:34:34,93.0,42.82,-1.64,53.01,5.82
117,Katsuura,75.0,JP,2020-04-20 03:34:34,93.0,35.13,140.3,55.4,11.41
118,Puerto Ayora,50.0,EC,2020-04-20 03:34:34,86.0,-0.74,-90.35,80.01,8.01
119,Ohafia,97.0,NG,2020-04-20 03:34:34,87.0,5.62,7.83,74.35,2.95
120,Vaini,40.0,TO,2020-04-20 03:33:39,74.0,-21.2,-175.2,82.4,10.29
121,Cayenne,100.0,GF,2020-04-20 03:30:04,100.0,4.93,-52.33,77.0,3.36
122,Punta Arenas,40.0,CL,2020-04-20 03:34:35,75.0,-53.15,-70.92,42.8,19.46
123,Abnūb,0.0,EG,2020-04-20 03:34:35,51.0,27.27,31.15,60.8,8.05
124,Mildura,99.0,AU,2020-04-20 03:31:21,46.0,-34.2,142.15,73.4,10.29
125,Santa Cruz de Tenerife,75.0,ES,2020-04-20 03:34:36,100.0,28.47,-16.25,57.99,17.22
126,Malanje,44.0,AO,2020-04-20 03:34:36,70.0,-9.54,16.34,62.31,2.77
127,Jamestown,90.0,US,2020-04-20 03:34:36,74.0,42.1,-79.24,39.99,9.17
128,Ushuaia,75.0,AR,2020-04-20 03:34:37,86.0,-54.8,-68.3,39.2,24.16
129,San Cristobal,98.0,VE,2020-04-20 03:34:37,63.0,7.77,-72.22,67.6,1.95
130,Mataura,90.0,NZ,2020-04-20 03:34:38,68.0,-46.19,168.86,57.0,5.99
131,Rikitea,93.0,PF,2020-04-20 03:34:38,71.0,-23.12,-134.97,76.84,6.76
132,Cape Town,75.0,ZA,2020-04-20 03:32:19,77.0,-33.93,18.42,63.0,17.22
133,Road Town,22.0,VG,2020-04-20 03:34:08,82.0,18.42,-64.62,80.01,17.0
134,Atuona,45.0,PF,2020-04-20 03:34:39,75.0,-9.8,-139.03,82.72,12.82
135,Kapaa,20.0,US,2020-04-20 03:34:39,65.0,22.08,-159.32,78.8,10.29
136,Westerland,0.0,DE,2020-04-20 03:34:39,62.0,54.91,8.3,45.19,14.52
137,Saint-Philippe,75.0,RE,2020-04-20 03:34:39,69.0,-21.36,55.77,75.2,9.17
138,Esim,100.0,GH,2020-04-20 03:34:40,82.0,4.87,-2.24,81.27,6.38
139,Chui,0.0,UY,2020-04-20 03:34:40,85.0,-33.7,-53.46,64.47,9.71
140,Bethel,1.0,US,2020-04-20 03:34:40,40.0,41.37,-73.41,53.6,6.93
141,Severo-Kuril'sk,52.0,RU,2020-04-20 03:34:40,92.0,50.68,156.12,31.71,9.17
142,Baruun-Urt,92.0,MN,2020-04-20 03:34:40,64.0,46.68,113.28,26.13,15.68
143,Longyearbyen,75.0,SJ,2020-04-20 03:34:41,85.0,78.22,15.64,24.8,28.86
144,George Town,20.0,MY,2020-04-20 03:34:41,70.0,5.41,100.34,91.4,4.7
145,Callaway,90.0,US,2020-04-20 03:34:41,88.0,30.15,-85.57,77.0,12.75
146,Geraldton,75.0,AU,2020-04-20 03:34:42,44.0,-28.77,114.6,75.2,11.41
147,Mar del Plata,98.0,AR,2020-04-20 03:34:42,87.0,-38.0,-57.56,62.01,2.24
148,Beringovskiy,100.0,RU,2020-04-20 03:34:42,96.0,63.05,179.32,21.47,17.56
149,Dorogino,9.0,RU,2020-04-20 03:34:42,53.0,54.36,83.32,52.63,2.68
150,Tuatapere,16.0,NZ,2020-04-20 03:34:43,68.0,-46.13,167.68,57.0,5.99
151,Adrar,0.0,MR,2020-04-20 03:34:43,20.0,20.5,-10.07,72.52,7.61
152,Pisco,0.0,PE,2020-04-20 03:34:43,82.0,-13.7,-76.22,68.0,6.93
153,Xining,87.0,CN,2020-04-20 03:34:43,22.0,36.62,101.77,45.46,6.31
154,Bonavista,100.0,CA,2020-04-20 03:34:44,98.0,48.65,-53.11,32.25,30.91
155,Barrow,90.0,US,2020-04-20 03:34:44,85.0,71.29,-156.79,10.4,6.93
156,Tura,97.0,IN,2020-04-20 03:34:44,63.0,25.52,90.22,79.81,6.87
157,Sechelt,10.0,CA,2020-04-20 03:34:45,85.0,49.47,-123.77,54.0,1.01
158,Hoyerswerda,0.0,DE,2020-04-20 03:35:25,65.0,51.43,14.25,37.99,1.01
159,Micheweni,100.0,TZ,2020-04-20 03:35:25,78.0,-4.97,39.83,80.53,15.43
160,Soe,2.0,ID,2020-04-20 03:35:25,53.0,-9.86,124.28,79.12,5.7
161,Butaritari,26.0,KI,2020-04-20 03:35:26,70.0,3.07,172.79,83.77,7.83
162,Bambous Virieux,40.0,MU,2020-04-20 03:35:26,83.0,-20.34,57.76,75.2,23.04
163,Port Alfred,0.0,ZA,2020-04-20 03:35:26,63.0,-33.59,26.89,71.01,3.0
164,Marion,90.0,US,2020-04-20 03:34:24,50.0,39.77,-86.16,54.0,11.41
165,Pangody,85.0,RU,2020-04-20 03:35:27,93.0,65.85,74.49,33.08,12.73
166,Ballina,64.0,AU,2020-04-20 03:35:27,34.0,-28.87,153.57,78.8,10.29
167,Albany,94.0,US,2020-04-20 03:35:27,75.0,42.6,-73.97,50.0,5.88
168,Gravdal,75.0,NO,2020-04-20 03:35:27,93.0,68.12,13.5,42.8,10.29
169,Saint-François,90.0,FR,2020-04-20 03:35:27,87.0,46.42,3.91,55.99,1.61
170,Praia da Vitória,40.0,PT,2020-04-20 03:35:28,76.0,38.73,-27.07,55.4,14.0
171,East London,0.0,ZA,2020-04-20 03:35:28,45.0,-33.02,27.91,84.2,11.41
172,Airai,32.0,TL,2020-04-20 03:35:28,43.0,-8.93,125.41,72.95,3.47
173,Ribeira Grande,2.0,PT,2020-04-20 03:35:28,58.0,38.52,-28.7,56.26,7.27
174,Alice Springs,53.0,AU,2020-04-20 03:30:46,15.0,-23.7,133.88,96.8,10.29
175,Port Elizabeth,0.0,ZA,2020-04-20 03:35:29,37.0,-33.92,25.57,71.6,14.99
176,Kahului,75.0,US,2020-04-20 03:34:02,54.0,20.89,-156.47,80.6,10.29
177,Sioux Lookout,90.0,CA,2020-04-20 03:35:29,59.0,50.1,-91.92,35.6,14.99
178,Aksu,96.0,CN,2020-04-20 03:35:30,40.0,41.12,80.26,57.87,1.54
179,Te Anau,23.0,NZ,2020-04-20 03:35:30,54.0,-45.42,167.72,53.29,7.65
180,Kruisfontein,0.0,ZA,2020-04-20 03:35:30,74.0,-34.0,24.73,60.62,5.37
181,Altay,0.0,CN,2020-04-20 03:35:30,30.0,47.87,88.12,55.11,2.37
182,Hilo,20.0,US,2020-04-20 03:35:30,57.0,19.73,-155.09,78.8,9.17
183,Naze,75.0,JP,2020-04-20 03:35:31,64.0,28.37,129.48,71.6,12.75
184,Haines Junction,74.0,CA,2020-04-20 03:35:55,58.0,60.75,-137.51,43.29,8.57
185,Tilichiki,100.0,RU,2020-04-20 03:35:55,90.0,60.47,166.1,17.91,16.71
186,Fortuna,90.0,US,2020-04-20 03:35:56,81.0,40.6,-124.16,52.0,5.82
187,Chabahar,2.0,IR,2020-04-20 03:35:56,69.0,25.29,60.64,80.47,6.64
188,Esmeraldas,64.0,BR,2020-04-20 03:32:19,88.0,-19.76,-44.31,64.4,4.7
189,Hobart,75.0,AU,2020-04-20 03:35:56,77.0,-42.88,147.33,59.0,23.04
190,Douglas,40.0,US,2020-04-20 03:34:38,60.0,41.3,-96.17,53.6,5.57
191,Dawei,0.0,MM,2020-04-20 03:35:57,49.0,14.08,98.2,89.01,2.51
192,Bobrovytsya,0.0,UA,2020-04-20 03:35:57,86.0,50.75,31.38,32.0,8.95
193,Narsaq,1.0,GL,2020-04-20 03:35:57,41.0,60.92,-46.05,24.8,4.7
194,Mount Isa,81.0,AU,2020-04-20 03:35:58,15.0,-20.73,139.5,93.2,6.93
195,Dikson,86.0,RU,2020-04-20 03:35:58,94.0,73.51,80.55,33.6,17.05
196,Isangel,90.0,VU,2020-04-20 03:35:58,79.0,-19.55,169.27,84.2,9.17
197,Port Hardy,20.0,CA,2020-04-20 03:35:58,81.0,50.7,-127.42,50.0,10.29
198,Alofi,2.0,NU,2020-04-20 03:35:59,78.0,-19.06,-169.92,82.4,14.99
199,Kyra,73.0,RU,2020-04-20 03:35:59,55.0,49.58,111.98,26.44,16.53
200,Stary Krym,100.0,UA,2020-04-20 03:35:59,77.0,45.03,35.1,46.65,2.93
201,Santiago del Estero,0.0,AR,2020-04-20 03:35:59,47.0,-27.8,-64.26,67.91,7.81
202,Koumac,100.0,NC,2020-04-20 03:35:59,76.0,-20.57,164.28,80.96,8.88
203,Belfast,0.0,GB,2020-04-20 03:33:34,81.0,54.58,-5.93,43.0,6.93
204,Rexburg,20.0,US,2020-04-20 03:36:00,34.0,43.83,-111.79,51.8,2.68
205,Kidal,31.0,ML,2020-04-20 03:36:00,24.0,18.44,1.41,81.41,13.38
206,Bluff,70.0,NZ,2020-04-20 03:36:01,68.0,-46.6,168.33,57.0,5.99
207,Broome,90.0,US,2020-04-20 03:36:01,75.0,42.25,-75.83,46.0,11.41
208,Luang Prabang,8.0,LA,2020-04-20 03:35:04,74.0,19.89,102.13,80.6,2.24
209,Carnarvon,53.0,AU,2020-04-20 03:36:01,61.0,-24.87,113.63,78.8,18.34
210,Seabra,90.0,BR,2020-04-20 03:36:01,94.0,-12.42,-41.77,71.6,3.36
211,Bambanglipuro,83.0,ID,2020-04-20 03:36:02,66.0,-7.95,110.28,86.45,1.25
212,Sovetskiy,17.0,RU,2020-04-20 03:36:02,76.0,61.36,63.58,37.85,5.91
213,Qaanaaq,39.0,GL,2020-04-20 03:36:03,82.0,77.48,-69.36,9.43,11.48
214,Ginir,97.0,ET,2020-04-20 03:36:03,53.0,7.13,40.7,59.94,4.0
215,Egvekinot,92.0,RU,2020-04-20 03:36:03,90.0,66.32,-179.17,12.56,12.8
216,Saskylakh,17.0,RU,2020-04-20 03:36:03,95.0,71.92,114.08,22.86,2.73
217,Salinas,1.0,US,2020-04-20 03:32:38,71.0,36.68,-121.66,57.2,10.29
218,Guerrero Negro,99.0,MX,2020-04-20 03:36:04,78.0,27.98,-114.06,60.48,19.82
219,Grindavik,90.0,IS,2020-04-20 03:36:04,100.0,63.84,-22.43,46.4,24.16
220,Vila,75.0,PT,2020-04-20 03:36:04,93.0,42.03,-8.16,50.0,3.36
221,Tiksi,100.0,RU,2020-04-20 03:36:04,92.0,71.69,128.87,18.86,6.04
222,Acapulco de Juárez,5.0,MX,2020-04-20 03:35:06,94.0,16.86,-99.89,77.0,2.53
223,Bredasdorp,0.0,ZA,2020-04-20 03:36:05,93.0,-34.53,20.04,57.2,6.93
224,Upernavik,66.0,GL,2020-04-20 03:36:05,88.0,72.79,-56.15,23.4,47.96
225,Carutapera,37.0,BR,2020-04-20 03:36:05,85.0,-1.2,-46.02,79.12,6.49
226,Rtishchevo,77.0,RU,2020-04-20 03:36:05,86.0,52.26,43.79,36.64,3.27
227,Maceió,54.0,BR,2020-04-20 03:34:19,84.0,-9.67,-35.74,79.05,10.11
228,Portland,20.0,US,2020-04-20 03:34:45,58.0,45.52,-122.68,57.2,4.7
229,Bilibino,14.0,RU,2020-04-20 03:36:06,84.0,68.05,166.44,11.16,4.5
230,Rawson,41.0,AR,2020-04-20 03:36:06,40.0,-43.3,-65.1,60.03,23.94
231,Fortuna Foothills,1.0,US,2020-04-20 03:36:07,33.0,32.66,-114.41,73.4,5.82
232,Tasiilaq,100.0,GL,2020-04-20 03:36:07,74.0,65.61,-37.64,30.2,4.7
233,Vitré,100.0,FR,2020-04-20 03:36:07,87.0,48.12,-1.21,53.6,8.05
234,Canguçu,0.0,BR,2020-04-20 03:36:07,95.0,-31.39,-52.68,63.0,3.29
235,Praia,20.0,CV,2020-04-20 03:36:07,68.0,14.92,-23.51,69.8,14.99
236,Sarlat-la-Canéda,100.0,FR,2020-04-20 03:36:08,92.0,44.89,1.22,55.99,1.68
237,Lebu,100.0,CL,2020-04-20 03:36:08,72.0,-37.62,-73.65,55.58,9.01
238,Chipinge,16.0,ZW,2020-04-20 03:36:08,74.0,-20.19,32.62,53.35,1.95
239,Faya,98.0,SA,2020-04-20 03:36:09,59.0,18.39,42.45,62.6,4.07
240,Hermanus,9.0,ZA,2020-04-20 03:34:07,93.0,-34.42,19.23,60.01,1.99
241,Busselton,95.0,AU,2020-04-20 03:36:09,58.0,-33.65,115.33,69.01,5.99
242,Mackay,68.0,AU,2020-04-20 03:36:09,79.0,-21.15,149.2,87.01,11.41
243,Belyy Yar,4.0,RU,2020-04-20 03:36:09,32.0,53.6,91.39,53.6,2.24
244,Vestmannaeyjar,100.0,IS,2020-04-20 03:36:10,94.0,63.44,-20.27,46.22,27.13
245,Ōhara,75.0,JP,2020-04-20 03:36:10,100.0,35.25,140.38,50.0,6.93
246,Uthal,35.0,PK,2020-04-20 03:36:10,69.0,25.81,66.62,79.7,3.15
247,Ilulissat,100.0,GL,2020-04-20 03:36:10,50.0,69.22,-51.1,28.4,24.16
248,Lavrentiya,100.0,RU,2020-04-20 03:36:11,92.0,65.58,-171.0,19.63,7.83
249,Khāsh,100.0,IR,2020-04-20 03:36:11,32.0,28.22,61.22,66.45,0.31
250,Broken Hill,100.0,AU,2020-04-20 03:36:11,27.0,-31.95,141.43,73.4,14.99
251,Ponta do Sol,9.0,PT,2020-04-20 03:36:11,72.0,32.67,-17.1,61.0,7.0
252,Iqaluit,5.0,CA,2020-04-20 03:36:11,64.0,63.75,-68.51,-4.0,2.24
253,Padang,3.0,ID,2020-04-20 03:33:42,60.0,-0.95,100.35,88.18,1.83
254,Bahār,20.0,IR,2020-04-20 03:36:12,93.0,34.91,48.44,41.0,0.36
255,Oxelösund,27.0,SE,2020-04-20 03:36:12,86.0,58.67,17.1,39.2,3.36
256,Voinka,100.0,UA,2020-04-20 03:36:12,89.0,45.87,33.99,47.32,15.32
257,Los Llanos de Aridane,1.0,ES,2020-04-20 03:36:12,63.0,28.66,-17.92,62.6,4.7
258,Beatrice,1.0,US,2020-04-20 03:36:13,50.0,40.27,-96.75,51.8,3.36
259,Beloha,1.0,MG,2020-04-20 03:36:13,80.0,-25.17,45.05,70.11,14.61
260,Eydhafushi,91.0,MV,2020-04-20 03:36:13,74.0,5.1,73.07,85.86,9.98
261,Torbay,90.0,CA,2020-04-20 03:36:13,93.0,47.67,-52.73,36.0,21.92
262,Kerchevskiy,0.0,RU,2020-04-20 03:36:14,87.0,59.95,56.29,33.57,5.12
263,Dingle,98.0,PH,2020-04-20 03:36:14,60.0,11.0,122.67,89.37,13.8
264,La Ronge,75.0,CA,2020-04-20 03:36:15,47.0,55.1,-105.28,35.6,10.29
265,Hithadhoo,100.0,MV,2020-04-20 03:36:15,76.0,-0.6,73.08,84.88,11.5
266,Laas,100.0,IT,2020-04-20 03:36:15,50.0,46.62,10.7,49.39,2.91
267,Novikovo,93.0,RU,2020-04-20 03:36:16,84.0,51.15,37.89,37.31,5.53
268,Khatanga,61.0,RU,2020-04-20 03:36:16,95.0,71.97,102.5,31.03,5.66
269,Yellowknife,75.0,CA,2020-04-20 03:36:16,61.0,62.46,-114.35,17.6,10.29
270,Nizhniy Odes,100.0,RU,2020-04-20 03:36:16,94.0,63.64,54.86,34.05,4.38
271,Kikwit,99.0,CD,2020-04-20 03:36:17,80.0,-5.04,18.82,70.36,2.04
272,Monsummano Terme,100.0,IT,2020-04-20 03:36:17,87.0,43.87,10.81,59.0,2.91
273,Arraial do Cabo,75.0,BR,2020-04-20 03:36:17,73.0,-22.97,-42.03,72.48,2.57
274,Choa Saidan Shah,95.0,PK,2020-04-20 03:36:18,44.0,32.72,72.98,69.78,4.18
275,New Norfolk,98.0,AU,2020-04-20 03:36:18,73.0,-42.78,147.06,62.01,5.99
276,Kavaratti,20.0,IN,2020-04-20 03:36:18,66.0,10.57,72.64,87.8,4.7
277,San Luis,0.0,AR,2020-04-20 03:36:18,48.0,-33.3,-66.34,62.47,4.92
278,Thompson,90.0,CA,2020-04-20 03:36:18,85.0,55.74,-97.86,19.4,6.93
279,Beyneu,100.0,KZ,2020-04-20 03:36:19,48.0,45.32,55.2,63.81,6.17
280,City of San Pedro,20.0,PH,2020-04-20 03:36:19,56.0,14.35,121.02,93.2,6.93
281,Harare,3.0,ZW,2020-04-20 03:32:04,81.0,-17.83,31.05,50.0,4.7
282,Takoradze,100.0,GH,2020-04-20 03:36:20,81.0,4.88,-1.76,81.05,7.11
283,Ürümqi,34.0,CN,2020-04-20 03:36:20,36.0,43.8,87.6,64.4,8.95
284,Vila Franca do Campo,20.0,PT,2020-04-20 03:36:20,66.0,37.72,-25.43,53.6,8.05
285,Malamig,82.0,PH,2020-04-20 03:36:21,59.0,12.95,121.37,87.04,5.97
286,Labuhan,43.0,ID,2020-04-20 03:36:21,65.0,-6.88,112.21,88.03,2.51
287,Kodinsk,0.0,RU,2020-04-20 03:36:21,61.0,58.69,99.18,38.26,5.86
288,Kouango,91.0,CF,2020-04-20 03:36:21,76.0,4.99,19.96,71.87,3.51
289,Rūdbār,49.0,AF,2020-04-20 03:36:22,33.0,30.15,62.6,73.56,2.75
290,Punto Fijo,47.0,VE,2020-04-20 03:36:22,76.0,11.7,-70.2,79.14,23.96
291,Acajutla,8.0,SV,2020-04-20 03:36:22,93.0,13.59,-89.83,72.0,3.96
292,Salalah,40.0,OM,2020-04-20 03:36:23,69.0,17.02,54.09,82.4,3.36
293,Berlevåg,40.0,NO,2020-04-20 03:36:23,78.0,70.86,29.09,39.2,28.86
294,Inírida,83.0,CO,2020-04-20 03:36:24,93.0,3.87,-67.92,73.35,0.76
295,Hirara,75.0,JP,2020-04-20 03:36:24,78.0,24.8,125.28,75.2,17.22
296,Lüderitz,8.0,NA,2020-04-20 03:36:24,87.0,-26.65,15.16,59.0,3.36
297,Kiruna,100.0,SE,2020-04-20 03:36:25,74.0,67.86,20.23,37.4,11.41
298,Sabla,10.0,NG,2020-04-20 03:36:25,35.0,12.75,4.71,85.98,8.7
299,Saint George,20.0,US,2020-04-20 03:36:25,34.0,37.1,-113.58,66.2,14.99
300,Rincon,90.0,US,2020-04-20 03:36:26,100.0,32.3,-81.24,64.4,4.94
301,Valera,65.0,VE,2020-04-20 03:36:26,64.0,9.32,-70.6,73.54,2.51
302,Anadyr,40.0,RU,2020-04-20 03:36:26,73.0,64.75,177.48,23.0,2.24
303,Arlit,1.0,NE,2020-04-20 03:36:26,12.0,18.74,7.39,83.53,9.15
304,Quatre Cocos,40.0,MU,2020-04-20 03:36:27,83.0,-20.21,57.76,75.2,23.04
305,Lanzhou,100.0,CN,2020-04-20 03:36:27,24.0,36.06,103.79,46.4,4.47
306,Lata,100.0,PT,2020-04-20 03:36:27,91.0,40.16,-8.33,52.0,1.92
307,Nome,90.0,US,2020-04-20 03:33:05,93.0,64.5,-165.41,37.0,3.65
308,Yamada,100.0,JP,2020-04-20 03:36:28,91.0,39.47,141.95,48.25,10.98
309,Ketchikan,90.0,US,2020-04-20 03:36:28,87.0,55.34,-131.65,46.4,11.41
310,Faanui,81.0,PF,2020-04-20 03:36:28,77.0,-16.48,-151.75,82.24,19.19
311,Hasaki,75.0,JP,2020-04-20 03:36:28,100.0,35.73,140.83,52.0,6.93
312,Nipawin,90.0,CA,2020-04-20 03:36:28,48.0,53.37,-104.0,41.0,17.22
313,Santa Maria,0.0,BR,2020-04-20 03:36:29,67.0,-29.68,-53.81,61.54,3.53
314,Xinzhou,10.0,CN,2020-04-20 03:36:29,22.0,38.41,112.73,53.4,15.99
315,Bokoro,22.0,TD,2020-04-20 03:36:29,16.0,12.38,17.06,78.75,7.16
316,Le Port,20.0,RE,2020-04-20 03:36:29,69.0,-20.94,55.29,75.2,10.29
317,Richards Bay,0.0,ZA,2020-04-20 03:36:30,80.0,-28.78,32.04,66.87,8.88
318,Funtua,58.0,NG,2020-04-20 03:36:30,58.0,11.52,7.31,74.75,12.21
319,Gornopravdinsk,0.0,RU,2020-04-20 03:36:30,68.0,60.05,69.9,43.02,5.53
320,Henties Bay,30.0,NA,2020-04-20 03:36:30,93.0,-22.12,14.28,59.0,5.01
321,Avarua,3.0,CK,2020-04-20 03:36:30,69.0,-21.21,-159.78,82.4,8.05
322,Cidreira,0.0,BR,2020-04-20 03:36:31,86.0,-30.18,-50.21,66.7,15.21
323,Westport,100.0,US,2020-04-20 03:31:45,54.0,41.14,-73.36,54.0,11.16
324,Sitka,90.0,US,2020-04-20 03:36:31,87.0,57.05,-135.33,48.2,3.36
325,Hengshui,8.0,CN,2020-04-20 03:36:32,23.0,37.73,115.7,66.15,15.39
326,Mugumu,100.0,TZ,2020-04-20 03:36:32,63.0,-1.85,34.7,60.93,1.86
327,Kumul,89.0,CN,2020-04-20 03:36:32,14.0,42.8,93.45,65.8,10.58
328,Doka,12.0,SD,2020-04-20 03:36:32,17.0,13.52,35.77,70.88,7.29
329,Pacific Grove,90.0,US,2020-04-20 03:32:14,71.0,36.62,-121.92,57.2,6.93
330,Leshukonskoye,99.0,RU,2020-04-20 03:36:33,96.0,64.9,45.76,32.36,3.87
331,Kondinskoye,0.0,RU,2020-04-20 03:36:34,64.0,59.65,67.41,42.82,9.26
332,Bulgan,91.0,MN,2020-04-20 03:36:34,44.0,48.81,103.53,30.92,11.99
333,Omboué,100.0,GA,2020-04-20 03:36:34,89.0,-1.57,9.26,77.58,7.05
334,Hong Kong,22.0,HK,2020-04-20 03:35:03,74.0,22.29,114.16,86.0,11.01
335,Nanortalik,17.0,GL,2020-04-20 03:36:35,86.0,60.14,-45.24,27.81,6.93
336,Cairns,40.0,AU,2020-04-20 03:36:35,74.0,-16.92,145.77,90.0,6.93
337,Kaitangata,79.0,NZ,2020-04-20 03:36:35,44.0,-46.28,169.85,59.0,8.01
338,Erzin,75.0,TR,2020-04-20 03:36:36,93.0,36.96,36.2,61.0,3.36
339,Kaeng Khoi,16.0,TH,2020-04-20 03:36:36,59.0,14.59,101.0,93.99,9.44
340,Barra do Garças,100.0,BR,2020-04-20 03:36:36,82.0,-15.89,-52.26,73.06,3.2
341,Salaga,100.0,GH,2020-04-20 03:36:36,70.0,8.55,-0.52,81.37,5.41
342,North Bend,1.0,US,2020-04-20 03:36:37,76.0,43.41,-124.22,51.8,6.93
343,Karratha,95.0,AU,2020-04-20 03:33:50,51.0,-20.74,116.85,87.69,9.84
344,Dartford,0.0,GB,2020-04-20 03:30:02,81.0,51.44,0.22,46.0,3.36
345,Pamplona,90.0,ES,2020-04-20 03:34:34,93.0,42.82,-1.64,53.01,5.82
346,Katsuura,75.0,JP,2020-04-20 03:34:34,93.0,35.13,140.3,55.4,11.41
347,Puerto Ayora,50.0,EC,2020-04-20 03:34:34,86.0,-0.74,-90.35,80.01,8.01
348,Ohafia,97.0,NG,2020-04-20 03:34:34,87.0,5.62,7.83,74.35,2.95
349,Vaini,40.0,TO,2020-04-20 03:33:39,74.0,-21.2,-175.2,82.4,10.29
350,Cayenne,100.0,GF,2020-04-20 03:30:04,100.0,4.93,-52.33,77.0,3.36
351,Punta Arenas,40.0,CL,2020-04-20 03:34:35,75.0,-53.15,-70.92,42.8,19.46
352,Abnūb,0.0,EG,2020-04-20 03:34:35,51.0,27.27,31.15,60.8,8.05
353,Mildura,99.0,AU,2020-04-20 03:31:21,46.0,-34.2,142.15,73.4,10.29
354,Santa Cruz de Tenerife,75.0,ES,2020-04-20 03:34:36,100.0,28.47,-16.25,57.99,17.22
355,Malanje,44.0,AO,2020-04-20 03:34:36,70.0,-9.54,16.34,62.31,2.77
356,Jamestown,90.0,US,2020-04-20 03:34:36,74.0,42.1,-79.24,39.99,9.17
357,Ushuaia,75.0,AR,2020-04-20 03:34:37,86.0,-54.8,-68.3,39.2,24.16
358,San Cristobal,98.0,VE,2020-04-20 03:34:37,63.0,7.77,-72.22,67.6,1.95
359,Mataura,90.0,NZ,2020-04-20 03:34:38,68.0,-46.19,168.86,57.0,5.99
360,Rikitea,93.0,PF,2020-04-20 03:34:38,71.0,-23.12,-134.97,76.84,6.76
361,Cape Town,75.0,ZA,2020-04-20 03:32:19,77.0,-33.93,18.42,63.0,17.22
362,Road Town,22.0,VG,2020-04-20 03:34:08,82.0,18.42,-64.62,80.01,17.0
363,Atuona,45.0,PF,2020-04-20 03:34:39,75.0,-9.8,-139.03,82.72,12.82
364,Kapaa,20.0,US,2020-04-20 03:34:39,65.0,22.08,-159.32,78.8,10.29
365,Westerland,0.0,DE,2020-04-20 03:34:39,62.0,54.91,8.3,45.19,14.52
366,Saint-Philippe,75.0,RE,2020-04-20 03:34:39,69.0,-21.36,55.77,75.2,9.17
367,Esim,100.0,GH,2020-04-20 03:34:40,82.0,4.87,-2.24,81.27,6.38
368,Chui,0.0,UY,2020-04-20 03:34:40,85.0,-33.7,-53.46,64.47,9.71
369,Bethel,1.0,US,2020-04-20 03:34:40,40.0,41.37,-73.41,53.6,6.93
370,Severo-Kuril'sk,52.0,RU,2020-04-20 03:34:40,92.0,50.68,156.12,31.71,9.17
371,Baruun-Urt,92.0,MN,2020-04-20 03:34:40,64.0,46.68,113.28,26.13,15.68
372,Longyearbyen,75.0,SJ,2020-04-20 03:34:41,85.0,78.22,15.64,24.8,28.86
373,George Town,20.0,MY,2020-04-20 03:34:41,70.0,5.41,100.34,91.4,4.7
374,Callaway,90.0,US,2020-04-20 03:34:41,88.0,30.15,-85.57,77.0,12.75
375,Geraldton,75.0,AU,2020-04-20 03:34:42,44.0,-28.77,114.6,75.2,11.41
376,Mar del Plata,98.0,AR,2020-04-20 03:34:42,87.0,-38.0,-57.56,62.01,2.24
377,Beringovskiy,100.0,RU,2020-04-20 03:34:42,96.0,63.05,179.32,21.47,17.56
378,Dorogino,9.0,RU,2020-04-20 03:34:42,53.0,54.36,83.32,52.63,2.68
379,Tuatapere,16.0,NZ,2020-04-20 03:34:43,68.0,-46.13,167.68,57.0,5.99
380,Adrar,0.0,MR,2020-04-20 03:34:43,20.0,20.5,-10.07,72.52,7.61
381,Pisco,0.0,PE,2020-04-20 03:34:43,82.0,-13.7,-76.22,68.0,6.93
382,Xining,87.0,CN,2020-04-20 03:34:43,22.0,36.62,101.77,45.46,6.31
383,Bonavista,100.0,CA,2020-04-20 03:34:44,98.0,48.65,-53.11,32.25,30.91
384,Barrow,90.0,US,2020-04-20 03:34:44,85.0,71.29,-156.79,10.4,6.93
385,Tura,97.0,IN,2020-04-20 03:34:44,63.0,25.52,90.22,79.81,6.87
386,Sechelt,10.0,CA,2020-04-20 03:34:45,85.0,49.47,-123.77,54.0,1.01
387,Hoyerswerda,0.0,DE,2020-04-20 03:35:25,65.0,51.43,14.25,37.99,1.01
388,Micheweni,100.0,TZ,2020-04-20 03:35:25,78.0,-4.97,39.83,80.53,15.43
389,Soe,2.0,ID,2020-04-20 03:35:25,53.0,-9.86,124.28,79.12,5.7
390,Butaritari,26.0,KI,2020-04-20 03:35:26,70.0,3.07,172.79,83.77,7.83
391,Bambous Virieux,40.0,MU,2020-04-20 03:35:26,83.0,-20.34,57.76,75.2,23.04
392,Port Alfred,0.0,ZA,2020-04-20 03:35:26,63.0,-33.59,26.89,71.01,3.0
393,Marion,90.0,US,2020-04-20 03:34:24,50.0,39.77,-86.16,54.0,11.41
394,Pangody,85.0,RU,2020-04-20 03:35:27,93.0,65.85,74.49,33.08,12.73
395,Ballina,64.0,AU,2020-04-20 03:35:27,34.0,-28.87,153.57,78.8,10.29
396,Albany,94.0,US,2020-04-20 03:35:27,75.0,42.6,-73.97,50.0,5.88
397,Gravdal,75.0,NO,2020-04-20 03:35:27,93.0,68.12,13.5,42.8,10.29
398,Saint-François,90.0,FR,2020-04-20 03:35:27,87.0,46.42,3.91,55.99,1.61
399,Praia da Vitória,40.0,PT,2020-04-20 03:35:28,76.0,38.73,-27.07,55.4,14.0
400,East London,0.0,ZA,2020-04-20 03:35:28,45.0,-33.02,27.91,84.2,11.41
401,Airai,32.0,TL,2020-04-20 03:35:28,43.0,-8.93,125.41,72.95,3.47
402,Ribeira Grande,2.0,PT,2020-04-20 03:35:28,58.0,38.52,-28.7,56.26,7.27
403,Alice Springs,53.0,AU,2020-04-20 03:30:46,15.0,-23.7,133.88,96.8,10.29
404,Port Elizabeth,0.0,ZA,2020-04-20 03:35:29,37.0,-33.92,25.57,71.6,14.99
405,Kahului,75.0,US,2020-04-20 03:34:02,54.0,20.89,-156.47,80.6,10.29
406,Sioux Lookout,90.0,CA,2020-04-20 03:35:29,59.0,50.1,-91.92,35.6,14.99
407,Aksu,96.0,CN,2020-04-20 03:35:30,40.0,41.12,80.26,57.87,1.54
408,Te Anau,23.0,NZ,2020-04-20 03:35:30,54.0,-45.42,167.72,53.29,7.65
409,Kruisfontein,0.0,ZA,2020-04-20 03:35:30,74.0,-34.0,24.73,60.62,5.37
410,Altay,0.0,CN,2020-04-20 03:35:30,30.0,47.87,88.12,55.11,2.37
411,Hilo,20.0,US,2020-04-20 03:35:30,57.0,19.73,-155.09,78.8,9.17
412,Naze,75.0,JP,2020-04-20 03:35:31,64.0,28.37,129.48,71.6,12.75
413,Haines Junction,74.0,CA,2020-04-20 03:35:55,58.0,60.75,-137.51,43.29,8.57
414,Tilichiki,100.0,RU,2020-04-20 03:35:55,90.0,60.47,166.1,17.91,16.71
415,Fortuna,90.0,US,2020-04-20 03:35:56,81.0,40.6,-124.16,52.0,5.82
416,Chabahar,2.0,IR,2020-04-20 03:35:56,69.0,25.29,60.64,80.47,6.64
417,Esmeraldas,64.0,BR,2020-04-20 03:32:19,88.0,-19.76,-44.31,64.4,4.7
418,Hobart,75.0,AU,2020-04-20 03:35:56,77.0,-42.88,147.33,59.0,23.04
419,Douglas,40.0,US,2020-04-20 03:34:38,60.0,41.3,-96.17,53.6,5.57
420,Dawei,0.0,MM,2020-04-20 03:35:57,49.0,14.08,98.2,89.01,2.51
421,Bobrovytsya,0.0,UA,2020-04-20 03:35:57,86.0,50.75,31.38,32.0,8.95
422,Narsaq,1.0,GL,2020-04-20 03:35:57,41.0,60.92,-46.05,24.8,4.7
423,Mount Isa,81.0,AU,2020-04-20 03:35:58,15.0,-20.73,139.5,93.2,6.93
424,Dikson,86.0,RU,2020-04-20 03:35:58,94.0,73.51,80.55,33.6,17.05
425,Isangel,90.0,VU,2020-04-20 03:35:58,79.0,-19.55,169.27,84.2,9.17
426,Port Hardy,20.0,CA,2020-04-20 03:35:58,81.0,50.7,-127.42,50.0,10.29
427,Alofi,2.0,NU,2020-04-20 03:35:59,78.0,-19.06,-169.92,82.4,14.99
428,Kyra,73.0,RU,2020-04-20 03:35:59,55.0,49.58,111.98,26.44,16.53
429,Stary Krym,100.0,UA,2020-04-20 03:35:59,77.0,45.03,35.1,46.65,2.93
430,Santiago del Estero,0.0,AR,2020-04-20 03:35:59,47.0,-27.8,-64.26,67.91,7.81
431,Koumac,100.0,NC,2020-04-20 03:35:59,76.0,-20.57,164.28,80.96,8.88
432,Belfast,0.0,GB,2020-04-20 03:33:34,81.0,54.58,-5.93,43.0,6.93
433,Rexburg,20.0,US,2020-04-20 03:36:00,34.0,43.83,-111.79,51.8,2.68
434,Kidal,31.0,ML,2020-04-20 03:36:00,24.0,18.44,1.41,81.41,13.38
435,Bluff,70.0,NZ,2020-04-20 03:36:01,68.0,-46.6,168.33,57.0,5.99
436,Broome,90.0,US,2020-04-20 03:36:01,75.0,42.25,-75.83,46.0,11.41
437,Luang Prabang,8.0,LA,2020-04-20 03:35:04,74.0,19.89,102.13,80.6,2.24
438,Carnarvon,53.0,AU,2020-04-20 03:36:01,61.0,-24.87,113.63,78.8,18.34
439,Seabra,90.0,BR,2020-04-20 03:36:01,94.0,-12.42,-41.77,71.6,3.36
440,Bambanglipuro,83.0,ID,2020-04-20 03:36:02,66.0,-7.95,110.28,86.45,1.25
441,Sovetskiy,17.0,RU,2020-04-20 03:36:02,76.0,61.36,63.58,37.85,5.91
442,Qaanaaq,39.0,GL,2020-04-20 03:36:03,82.0,77.48,-69.36,9.43,11.48
443,Ginir,97.0,ET,2020-04-20 03:36:03,53.0,7.13,40.7,59.94,4.0
444,Egvekinot,92.0,RU,2020-04-20 03:36:03,90.0,66.32,-179.17,12.56,12.8
445,Saskylakh,17.0,RU,2020-04-20 03:36:03,95.0,71.92,114.08,22.86,2.73
446,Salinas,1.0,US,2020-04-20 03:32:38,71.0,36.68,-121.66,57.2,10.29
447,Guerrero Negro,99.0,MX,2020-04-20 03:36:04,78.0,27.98,-114.06,60.48,19.82
448,Grindavik,90.0,IS,2020-04-20 03:36:04,100.0,63.84,-22.43,46.4,24.16
449,Vila,75.0,PT,2020-04-20 03:36:04,93.0,42.03,-8.16,50.0,3.36
450,Tiksi,100.0,RU,2020-04-20 03:36:04,92.0,71.69,128.87,18.86,6.04
451,Acapulco de Juárez,5.0,MX,2020-04-20 03:35:06,94.0,16.86,-99.89,77.0,2.53
452,Bredasdorp,0.0,ZA,2020-04-20 03:36:05,93.0,-34.53,20.04,57.2,6.93
453,Upernavik,66.0,GL,2020-04-20 03:36:05,88.0,72.79,-56.15,23.4,47.96
454,Carutapera,37.0,BR,2020-04-20 03:36:05,85.0,-1.2,-46.02,79.12,6.49
455,Rtishchevo,77.0,RU,2020-04-20 03:36:05,86.0,52.26,43.79,36.64,3.27
456,Maceió,54.0,BR,2020-04-20 03:34:19,84.0,-9.67,-35.74,79.05,10.11
457,Portland,20.0,US,2020-04-20 03:34:45,58.0,45.52,-122.68,57.2,4.7
458,Bilibino,14.0,RU,2020-04-20 03:36:06,84.0,68.05,166.44,11.16,4.5
459,Rawson,41.0,AR,2020-04-20 03:36:06,40.0,-43.3,-65.1,60.03,23.94
460,Fortuna Foothills,1.0,US,2020-04-20 03:36:07,33.0,32.66,-114.41,73.4,5.82
461,Tasiilaq,100.0,GL,2020-04-20 03:36:07,74.0,65.61,-37.64,30.2,4.7
462,Vitré,100.0,FR,2020-04-20 03:36:07,87.0,48.12,-1.21,53.6,8.05
463,Canguçu,0.0,BR,2020-04-20 03:36:07,95.0,-31.39,-52.68,63.0,3.29
464,Praia,20.0,CV,2020-04-20 03:36:07,68.0,14.92,-23.51,69.8,14.99
465,Sarlat-la-Canéda,100.0,FR,2020-04-20 03:36:08,92.0,44.89,1.22,55.99,1.68
466,Lebu,100.0,CL,2020-04-20 03:36:08,72.0,-37.62,-73.65,55.58,9.01
467,Chipinge,16.0,ZW,2020-04-20 03:36:08,74.0,-20.19,32.62,53.35,1.95
468,Faya,98.0,SA,2020-04-20 03:36:09,59.0,18.39,42.45,62.6,4.07
469,Hermanus,9.0,ZA,2020-04-20 03:34:07,93.0,-34.42,19.23,60.01,1.99
470,Busselton,95.0,AU,2020-04-20 03:36:09,58.0,-33.65,115.33,69.01,5.99
471,Mackay,68.0,AU,2020-04-20 03:36:09,79.0,-21.15,149.2,87.01,11.41
472,Belyy Yar,4.0,RU,2020-04-20 03:36:09,32.0,53.6,91.39,53.6,2.24
473,Vestmannaeyjar,100.0,IS,2020-04-20 03:36:10,94.0,63.44,-20.27,46.22,27.13
474,Ōhara,75.0,JP,2020-04-20 03:36:10,100.0,35.25,140.38,50.0,6.93
475,Uthal,35.0,PK,2020-04-20 03:36:10,69.0,25.81,66.62,79.7,3.15
476,Ilulissat,100.0,GL,2020-04-20 03:36:10,50.0,69.22,-51.1,28.4,24.16
477,Lavrentiya,100.0,RU,2020-04-20 03:36:11,92.0,65.58,-171.0,19.63,7.83
478,Khāsh,100.0,IR,2020-04-20 03:36:11,32.0,28.22,61.22,66.45,0.31
479,Broken Hill,100.0,AU,2020-04-20 03:36:11,27.0,-31.95,141.43,73.4,14.99
480,Ponta do Sol,9.0,PT,2020-04-20 03:36:11,72.0,32.67,-17.1,61.0,7.0
481,Iqaluit,5.0,CA,2020-04-20 03:36:11,64.0,63.75,-68.51,-4.0,2.24
482,Padang,3.0,ID,2020-04-20 03:33:42,60.0,-0.95,100.35,88.18,1.83
483,Bahār,20.0,IR,2020-04-20 03:36:12,93.0,34.91,48.44,41.0,0.36
484,Oxelösund,27.0,SE,2020-04-20 03:36:12,86.0,58.67,17.1,39.2,3.36
485,Voinka,100.0,UA,2020-04-20 03:36:12,89.0,45.87,33.99,47.32,15.32
486,Los Llanos de Aridane,1.0,ES,2020-04-20 03:36:12,63.0,28.66,-17.92,62.6,4.7
487,Beatrice,1.0,US,2020-04-20 03:36:13,50.0,40.27,-96.75,51.8,3.36
488,Beloha,1.0,MG,2020-04-20 03:36:13,80.0,-25.17,45.05,70.11,14.61
489,Eydhafushi,91.0,MV,2020-04-20 03:36:13,74.0,5.1,73.07,85.86,9.98
490,Torbay,90.0,CA,2020-04-20 03:36:13,93.0,47.67,-52.73,36.0,21.92
491,Kerchevskiy,0.0,RU,2020-04-20 03:36:14,87.0,59.95,56.29,33.57,5.12
492,Dingle,98.0,PH,2020-04-20 03:36:14,60.0,11.0,122.67,89.37,13.8
493,La Ronge,75.0,CA,2020-04-20 03:36:15,47.0,55.1,-105.28,35.6,10.29
494,Hithadhoo,100.0,MV,2020-04-20 03:36:15,76.0,-0.6,73.08,84.88,11.5
495,Laas,100.0,IT,2020-04-20 03:36:15,50.0,46.62,10.7,49.39,2.91
496,Novikovo,93.0,RU,2020-04-20 03:36:16,84.0,51.15,37.89,37.31,5.53
497,Khatanga,61.0,RU,2020-04-20 03:36:16,95.0,71.97,102.5,31.03,5.66
498,Yellowknife,75.0,CA,2020-04-20 03:36:16,61.0,62.46,-114.35,17.6,10.29
499,Nizhniy Odes,100.0,RU,2020-04-20 03:36:16,94.0,63.64,54.86,34.05,4.38
500,Kikwit,99.0,CD,2020-04-20 03:36:17,80.0,-5.04,18.82,70.36,2.04
501,Monsummano Terme,100.0,IT,2020-04-20 03:36:17,87.0,43.87,10.81,59.0,2.91
502,Arraial do Cabo,75.0,BR,2020-04-20 03:36:17,73.0,-22.97,-42.03,72.48,2.57
503,Choa Saidan Shah,95.0,PK,2020-04-20 03:36:18,44.0,32.72,72.98,69.78,4.18
504,New Norfolk,98.0,AU,2020-04-20 03:36:18,73.0,-42.78,147.06,62.01,5.99
505,Kavaratti,20.0,IN,2020-04-20 03:36:18,66.0,10.57,72.64,87.8,4.7
506,San Luis,0.0,AR,2020-04-20 03:36:18,48.0,-33.3,-66.34,62.47,4.92
507,Thompson,90.0,CA,2020-04-20 03:36:18,85.0,55.74,-97.86,19.4,6.93
508,Beyneu,100.0,KZ,2020-04-20 03:36:19,48.0,45.32,55.2,63.81,6.17
509,City of San Pedro,20.0,PH,2020-04-20 03:36:19,56.0,14.35,121.02,93.2,6.93
510,Harare,3.0,ZW,2020-04-20 03:32:04,81.0,-17.83,31.05,50.0,4.7
511,Takoradze,100.0,GH,2020-04-20 03:36:20,81.0,4.88,-1.76,81.05,7.11
512,Ürümqi,34.0,CN,2020-04-20 03:36:20,36.0,43.8,87.6,64.4,8.95
513,Vila Franca do Campo,20.0,PT,2020-04-20 03:36:20,66.0,37.72,-25.43,53.6,8.05
514,Malamig,82.0,PH,2020-04-20 03:36:21,59.0,12.95,121.37,87.04,5.97
515,Labuhan,43.0,ID,2020-04-20 03:36:21,65.0,-6.88,112.21,88.03,2.51
516,Kodinsk,0.0,RU,2020-04-20 03:36:21,61.0,58.69,99.18,38.26,5.86
517,Kouango,91.0,CF,2020-04-20 03:36:21,76.0,4.99,19.96,71.87,3.51
518,Rūdbār,49.0,AF,2020-04-20 03:36:22,33.0,30.15,62.6,73.56,2.75
519,Punto Fijo,47.0,VE,2020-04-20 03:36:22,76.0,11.7,-70.2,79.14,23.96
520,Acajutla,8.0,SV,2020-04-20 03:36:22,93.0,13.59,-89.83,72.0,3.96
521,Salalah,40.0,OM,2020-04-20 03:36:23,69.0,17.02,54.09,82.4,3.36
522,Berlevåg,40.0,NO,2020-04-20 03:36:23,78.0,70.86,29.09,39.2,28.86
523,Inírida,83.0,CO,2020-04-20 03:36:24,93.0,3.87,-67.92,73.35,0.76
524,Hirara,75.0,JP,2020-04-20 03:36:24,78.0,24.8,125.28,75.2,17.22
525,Lüderitz,8.0,NA,2020-04-20 03:36:24,87.0,-26.65,15.16,59.0,3.36
526,Kiruna,100.0,SE,2020-04-20 03:36:25,74.0,67.86,20.23,37.4,11.41
527,Sabla,10.0,NG,2020-04-20 03:36:25,35.0,12.75,4.71,85.98,8.7
528,Saint George,20.0,US,2020-04-20 03:36:25,34.0,37.1,-113.58,66.2,14.99
529,Rincon,90.0,US,2020-04-20 03:36:26,100.0,32.3,-81.24,64.4,4.94
530,Valera,65.0,VE,2020-04-20 03:36:26,64.0,9.32,-70.6,73.54,2.51
531,Anadyr,40.0,RU,2020-04-20 03:36:26,73.0,64.75,177.48,23.0,2.24
532,Arlit,1.0,NE,2020-04-20 03:36:26,12.0,18.74,7.39,83.53,9.15
533,Quatre Cocos,40.0,MU,2020-04-20 03:36:27,83.0,-20.21,57.76,75.2,23.04
534,Lanzhou,100.0,CN,2020-04-20 03:36:27,24.0,36.06,103.79,46.4,4.47
535,Lata,100.0,PT,2020-04-20 03:36:27,91.0,40.16,-8.33,52.0,1.92
536,Nome,90.0,US,2020-04-20 03:33:05,93.0,64.5,-165.41,37.0,3.65
537,Yamada,100.0,JP,2020-04-20 03:36:28,91.0,39.47,141.95,48.25,10.98
538,Ketchikan,90.0,US,2020-04-20 03:36:28,87.0,55.34,-131.65,46.4,11.41
539,Faanui,81.0,PF,2020-04-20 03:36:28,77.0,-16.48,-151.75,82.24,19.19
540,Hasaki,75.0,JP,2020-04-20 03:36:28,100.0,35.73,140.83,52.0,6.93
541,Nipawin,90.0,CA,2020-04-20 03:36:28,48.0,53.37,-104.0,41.0,17.22
542,Santa Maria,0.0,BR,2020-04-20 03:36:29,67.0,-29.68,-53.81,61.54,3.53
543,Xinzhou,10.0,CN,2020-04-20 03:36:29,22.0,38.41,112.73,53.4,15.99
544,Bokoro,22.0,TD,2020-04-20 03:36:29,16.0,12.38,17.06,78.75,7.16
545,Le Port,20.0,RE,2020-04-20 03:36:29,69.0,-20.94,55.29,75.2,10.29
546,Richards Bay,0.0,ZA,2020-04-20 03:36:30,80.0,-28.78,32.04,66.87,8.88
547,Funtua,58.0,NG,2020-04-20 03:36:30,58.0,11.52,7.31,74.75,12.21
548,Gornopravdinsk,0.0,RU,2020-04-20 03:36:30,68.0,60.05,69.9,43.02,5.53
549,Henties Bay,30.0,NA,2020-04-20 03:36:30,93.0,-22.12,14.28,59.0,5.01
550,Avarua,3.0,CK,2020-04-20 03:36:30,69.0,-21.21,-159.78,82.4,8.05
551,Cidreira,0.0,BR,2020-04-20 03:36:31,86.0,-30.18,-50.21,66.7,15.21
552,Westport,100.0,US,2020-04-20 03:31:45,54.0,41.14,-73.36,54.0,11.16
553,Sitka,90.0,US,2020-04-20 03:36:31,87.0,57.05,-135.33,48.2,3.36
554,Hengshui,8.0,CN,2020-04-20 03:36:32,23.0,37.73,115.7,66.15,15.39
555,Mugumu,100.0,TZ,2020-04-20 03:36:32,63.0,-1.85,34.7,60.93,1.86
556,Kumul,89.0,CN,2020-04-20 03:36:32,14.0,42.8,93.45,65.8,10.58
557,Doka,12.0,SD,2020-04-20 03:36:32,17.0,13.52,35.77,70.88,7.29
558,Pacific Grove,90.0,US,2020-04-20 03:32:14,71.0,36.62,-121.92,57.2,6.93
559,Leshukonskoye,99.0,RU,2020-04-20 03:36:33,96.0,64.9,45.76,32.36,3.87
560,Kondinskoye,0.0,RU,2020-04-20 03:36:34,64.0,59.65,67.41,42.82,9.26
561,Bulgan,91.0,MN,2020-04-20 03:36:34,44.0,48.81,103.53,30.92,11.99
562,Omboué,100.0,GA,2020-04-20 03:36:34,89.0,-1.57,9.26,77.58,7.05
563,Hong Kong,22.0,HK,2020-04-20 03:35:03,74.0,22.29,114.16,86.0,11.01
564,Nanortalik,17.0,GL,2020-04-20 03:36:35,86.0,60.14,-45.24,27.81,6.93
565,Cairns,40.0,AU,2020-04-20 03:36:35,74.0,-16.92,145.77,90.0,6.93
566,Kaitangata,79.0,NZ,2020-04-20 03:36:35,44.0,-46.28,169.85,59.0,8.01
567,Erzin,75.0,TR,2020-04-20 03:36:36,93.0,36.96,36.2,61.0,3.36
568,Kaeng Khoi,16.0,TH,2020-04-20 03:36:36,59.0,14.59,101.0,93.99,9.44
569,Barra do Garças,100.0,BR,2020-04-20 03:36:36,82.0,-15.89,-52.26,73.06,3.2
570,Salaga,100.0,GH,2020-04-20 03:36:36,70.0,8.55,-0.52,81.37,5.41
571,North Bend,1.0,US,2020-04-20 03:36:37,76.0,43.41,-124.22,51.8,6.93
572,Ostrovnoy,46.0,RU,2020-04-20 03:37:51,97.0,68.05,39.51,24.48,6.55
573,Juba,100.0,SS,2020-04-20 03:37:51,66.0,4.85,31.58,72.66,5.06
574,Beeskow,0.0,DE,2020-04-20 03:37:51,67.0,52.17,14.25,34.0,6.98
575,El Ejido,0.0,ES,2020-04-20 03:37:51,87.0,36.78,-2.81,59.0,8.05
576,Biankouma,70.0,CI,2020-04-20 03:37:52,81.0,7.74,-7.61,70.32,3.13
577,Moerai,8.0,PF,2020-04-20 03:37:52,77.0,-22.43,-151.33,78.51,18.57
578,Venezuela,8.0,VE,2020-04-20 03:37:52,56.0,8.0,-66.0,83.7,7.36
579,Tuktoyaktuk,90.0,CA,2020-04-20 03:34:13,84.0,69.45,-133.04,8.6,5.82
580,Ancud,65.0,CL,2020-04-20 03:37:52,100.0,-41.87,-73.82,42.8,3.36
581,Cabo San Lucas,26.0,MX,2020-04-20 03:37:53,68.0,22.89,-109.91,70.0,9.98
582,Qingdao,22.0,CN,2020-04-20 03:37:53,36.0,36.1,120.37,62.6,22.37
583,Hailar,100.0,CN,2020-04-20 03:37:53,64.0,49.2,119.7,27.41,22.21
584,Mocuba,51.0,MZ,2020-04-20 03:37:53,94.0,-16.84,36.99,68.13,5.14
585,Tapes,0.0,BR,2020-04-20 03:37:54,91.0,-30.67,-51.4,63.19,5.53
586,Tecpan,40.0,GT,2020-04-20 03:37:54,82.0,14.76,-90.99,66.2,6.93
587,Nurota,4.0,UZ,2020-04-20 03:37:54,55.0,40.56,65.69,62.6,9.17
588,Clyde River,1.0,CA,2020-04-20 03:37:54,64.0,70.47,-68.59,-0.4,5.82
589,Porto Velho,20.0,BR,2020-04-20 03:37:54,94.0,-8.76,-63.9,77.0,2.24
590,Kirakira,48.0,SB,2020-04-20 03:37:55,76.0,-10.45,161.92,83.61,0.78
591,São Filipe,1.0,CV,2020-04-20 03:37:55,72.0,14.9,-24.5,71.49,16.69
592,Chokurdakh,92.0,RU,2020-04-20 03:37:55,95.0,70.63,147.92,9.68,11.48
593,Mergen,100.0,CN,2020-04-20 03:37:55,95.0,49.18,125.22,25.32,23.49
594,Sechura,97.0,PE,2020-04-20 03:37:55,74.0,-5.56,-80.82,73.4,13.13
595,Cotonou,40.0,BJ,2020-04-20 03:36:47,83.0,6.37,2.42,80.6,4.7
596,Pyshma,17.0,RU,2020-04-20 03:37:56,60.0,56.95,63.25,43.48,5.01
597,Touros,40.0,BR,2020-04-20 03:37:56,94.0,-5.2,-35.46,77.0,3.36
598,The Pas,1.0,CA,2020-04-20 03:37:56,63.0,53.83,-101.25,30.2,8.05
599,Tabuk,99.0,PH,2020-04-20 03:37:57,60.0,17.42,121.44,87.73,5.95
600,Atherton,0.0,GB,2020-04-20 03:37:57,83.0,53.52,-2.49,44.01,4.0
601,Kpandu,100.0,GH,2020-04-20 03:37:57,78.0,7.0,0.29,78.06,5.12
602,Lorengau,33.0,PG,2020-04-20 03:37:57,74.0,-2.02,147.27,84.49,6.35
603,Helong,100.0,CN,2020-04-20 03:37:57,48.0,42.54,129.0,49.98,5.48
604,Lompoc,75.0,US,2020-04-20 03:37:58,76.0,34.64,-120.46,55.4,5.82
605,Mahébourg,40.0,MU,2020-04-20 03:37:58,83.0,-20.41,57.7,75.2,23.04
606,Poronaysk,100.0,RU,2020-04-20 03:37:58,68.0,49.22,143.12,41.16,13.82
607,Paracuru,40.0,BR,2020-04-20 03:37:59,78.0,-3.41,-39.03,82.99,0.65
608,Nikšić,100.0,ME,2020-04-20 03:37:59,87.0,42.77,18.94,55.4,2.24
609,Andra,9.0,RU,2020-04-20 03:37:59,84.0,62.51,65.89,36.88,6.93
610,Prince Rupert,1.0,CA,2020-04-20 03:37:59,81.0,54.32,-130.32,48.2,8.05
611,Saint-Leu,75.0,RE,2020-04-20 03:38:00,69.0,-21.15,55.28,75.2,9.17
612,Dabakala,71.0,CI,2020-04-20 03:38:00,78.0,8.37,-4.43,77.23,7.52
613,Rockingham,100.0,US,2020-04-20 03:38:00,48.0,42.97,-71.1,52.0,3.0
614,Balakhta,43.0,RU,2020-04-20 03:38:00,44.0,55.38,91.6,47.77,7.09
615,Baiyin,95.0,CN,2020-04-20 03:38:01,24.0,36.56,104.21,46.4,4.47
616,Hambantota,5.0,LK,2020-04-20 03:38:01,76.0,6.12,81.12,84.2,11.68
617,Biak,91.0,ID,2020-04-20 03:38:01,68.0,-0.91,122.88,84.06,4.7
618,Sept-Îles,90.0,CA,2020-04-20 03:38:01,92.0,50.2,-66.38,30.99,12.75
619,San Quintín,79.0,MX,2020-04-20 03:38:02,74.0,30.48,-115.95,59.58,18.79
620,Las Palmas,51.0,ES,2020-04-20 03:34:15,72.0,28.42,-14.01,64.4,8.05
621,Eureka,59.0,US,2020-04-20 03:38:02,73.0,40.8,-124.16,53.01,4.0
622,Puerto Quijarro,0.0,BO,2020-04-20 03:38:03,86.0,-17.78,-57.77,73.02,1.81
623,Otyniya,30.0,UA,2020-04-20 03:38:03,80.0,48.74,24.86,33.31,3.87
624,Vila Velha,20.0,BR,2020-04-20 03:33:24,88.0,-20.33,-40.29,73.0,3.36
625,Purpe,15.0,RU,2020-04-20 03:38:03,84.0,64.48,76.69,36.86,12.57
626,Llanes,9.0,ES,2020-04-20 03:38:03,86.0,43.42,-4.75,55.99,3.0
627,Kiunga,63.0,PG,2020-04-20 03:38:04,63.0,-6.12,141.29,89.67,2.84
628,Tommot,100.0,RU,2020-04-20 03:38:04,82.0,58.96,126.29,23.81,5.84
629,Flin Flon,68.0,CA,2020-04-20 03:38:04,94.0,54.77,-101.86,25.75,8.7
630,Molchanovo,86.0,RU,2020-04-20 03:38:04,60.0,57.58,83.77,47.19,6.62
631,Snåase,96.0,NO,2020-04-20 03:38:05,84.0,64.25,12.38,37.26,3.11
632,Batemans Bay,100.0,AU,2020-04-20 03:38:05,55.0,-35.72,150.18,66.99,1.99
633,Palu,100.0,ID,2020-04-20 03:38:05,63.0,-0.89,119.87,86.0,3.85
634,Kuandian,100.0,CN,2020-04-20 03:38:05,81.0,40.73,124.78,42.66,6.11
635,Pevek,100.0,RU,2020-04-20 03:38:06,94.0,69.7,170.31,12.63,7.56
636,Yar-Sale,100.0,RU,2020-04-20 03:38:06,98.0,66.83,70.83,34.11,7.43
637,Nikolskoye,40.0,RU,2020-04-20 03:38:06,94.0,59.7,30.79,37.4,4.47
638,Vardø,75.0,NO,2020-04-20 03:38:06,86.0,70.37,31.11,37.4,9.17
639,Arrondissement de Saint-Quentin,47.0,FR,2020-04-20 03:34:46,81.0,49.83,3.33,48.99,13.87
640,Souillac,40.0,MU,2020-04-20 03:38:07,83.0,-20.52,57.52,75.2,23.04
641,Half Moon Bay,75.0,US,2020-04-20 03:38:07,76.0,37.46,-122.43,55.99,3.36
642,Ostashkov,75.0,RU,2020-04-20 03:38:07,94.0,57.15,33.11,30.38,5.21
643,Moba,100.0,CN,2020-04-20 03:38:07,44.0,33.23,105.02,46.56,6.55
644,Castro,49.0,BR,2020-04-20 03:38:08,70.0,-24.79,-50.01,56.52,5.79
645,Sola,40.0,VU,2020-04-20 03:38:08,75.0,-13.88,167.55,89.6,5.82
646,Sarkand,0.0,KZ,2020-04-20 03:38:08,24.0,45.41,79.92,60.42,3.27
647,São Gabriel da Cachoeira,70.0,BR,2020-04-20 03:38:08,94.0,-0.13,-67.09,72.72,0.74
648,Walvis Bay,91.0,NA,2020-04-20 03:38:09,93.0,-22.96,14.51,59.0,17.22
649,Jidong,100.0,CN,2020-04-20 03:38:09,78.0,45.22,131.08,41.59,10.13
650,Lagoa,0.0,PT,2020-04-20 03:38:09,60.0,39.05,-27.98,56.79,13.04
651,Bereda,92.0,ES,2020-04-20 03:38:09,100.0,43.27,-7.54,48.99,1.99
652,Rovinj,100.0,HR,2020-04-20 03:38:10,63.0,45.08,13.64,60.8,16.11
653,Iskateley,95.0,RU,2020-04-20 03:38:10,98.0,67.68,53.15,30.67,6.85
654,Novy Urengoy,98.0,RU,2020-04-20 03:38:10,96.0,66.08,76.63,32.34,10.89
655,Vao,100.0,NC,2020-04-20 03:38:10,91.0,-22.67,167.48,73.98,14.85
656,Port Moresby,40.0,PG,2020-04-20 03:38:11,70.0,-9.44,147.18,89.6,11.41
657,Shalakusha,100.0,RU,2020-04-20 03:38:11,97.0,62.22,40.25,31.24,4.38
658,Watsa,100.0,CD,2020-04-20 03:38:11,76.0,3.04,29.54,65.41,4.43
659,Lichinga,44.0,MZ,2020-04-20 03:38:11,70.0,-13.31,35.24,56.23,5.84
660,Dwārka,15.0,IN,2020-04-20 03:38:11,81.0,22.24,68.97,80.58,11.56
661,Corinth,54.0,GR,2020-04-20 03:38:12,76.0,37.94,22.96,55.99,2.68
662,Tutóia,53.0,BR,2020-04-20 03:38:12,85.0,-2.76,-42.27,78.98,4.52
663,Kirovsk,100.0,UA,2020-04-20 03:38:12,86.0,48.64,38.64,43.92,4.36
664,Esperance,75.0,AU,2020-04-20 03:38:13,59.0,-33.87,121.9,66.2,17.22
665,Klaksvík,1.0,FO,2020-04-20 03:38:13,100.0,62.23,-6.59,41.0,10.29
666,Lappeenranta,90.0,FI,2020-04-20 03:38:13,69.0,61.06,28.19,39.2,5.82
667,Raghunathpur,53.0,IN,2020-04-20 03:38:13,25.0,23.55,86.67,94.8,8.01
668,Goubellat,40.0,TN,2020-04-20 03:38:13,72.0,36.54,9.66,66.2,9.17
669,Poum,100.0,NC,2020-04-20 03:38:14,76.0,-20.23,164.02,80.6,8.79
670,Anagé,94.0,BR,2020-04-20 03:38:14,73.0,-14.61,-41.14,70.86,3.58
671,Marevo,91.0,RU,2020-04-20 03:38:14,97.0,57.31,32.08,30.09,4.36
672,Mogadishu,99.0,SO,2020-04-20 03:38:14,74.0,2.04,45.34,82.51,11.43
673,Banda Aceh,23.0,ID,2020-04-20 03:38:10,71.0,5.56,95.32,85.77,7.27
674,Olafsvik,99.0,IS,2020-04-20 03:38:15,92.0,64.89,-23.71,44.02,18.61
675,Paamiut,9.0,GL,2020-04-20 03:38:15,84.0,61.99,-49.67,22.57,12.8
676,Samdrup Jongkhar District,39.0,BT,2020-04-20 03:38:16,39.0,26.92,91.62,77.43,2.17
677,Norman Wells,90.0,CA,2020-04-20 03:38:16,79.0,65.28,-126.83,28.4,2.24
678,Bima,26.0,ID,2020-04-20 03:38:16,57.0,-8.47,118.72,89.44,2.66
679,Mutare,46.0,ZW,2020-04-20 03:38:16,69.0,-18.97,32.67,53.42,0.76
680,Spas-Klepiki,99.0,RU,2020-04-20 03:38:16,87.0,55.13,40.18,33.01,1.01
681,Datong,0.0,CN,2020-04-20 03:38:17,25.0,40.09,113.29,44.22,22.84
682,Coronado,75.0,US,2020-04-20 03:38:17,67.0,32.69,-117.18,62.6,13.87
683,Sochaczew,0.0,PL,2020-04-20 03:38:17,99.0,52.23,20.24,34.0,5.19
684,Antalaha,82.0,MG,2020-04-20 03:38:17,82.0,-14.9,50.28,75.74,7.67
685,Hays,0.0,US,2020-04-20 03:38:17,42.0,30.05,-98.03,66.99,1.99
686,Great Bend,1.0,US,2020-04-20 03:38:18,87.0,38.36,-98.76,51.01,7.78
687,Cherskiy,100.0,RU,2020-04-20 03:38:18,94.0,68.75,161.3,12.81,8.32
688,Ucluelet,15.0,CA,2020-04-20 03:38:18,84.0,48.93,-125.55,53.01,2.73
689,Flinders,98.0,AU,2020-04-20 03:38:18,59.0,-34.58,150.86,68.0,1.01
690,Port Blair,46.0,IN,2020-04-20 03:37:12,76.0,11.67,92.75,84.47,9.1
691,Fort Nelson,75.0,CA,2020-04-20 03:38:19,76.0,58.81,-122.7,55.4,9.17
692,Launceston,75.0,AU,2020-04-20 03:36:28,77.0,-41.45,147.17,60.8,20.8
693,Saint Paul Harbor,90.0,US,2020-04-20 03:38:19,81.0,57.79,-152.41,44.6,13.87
694,Wooster,75.0,US,2020-04-20 03:35:01,70.0,40.81,-81.94,44.6,10.29
695,Tegul'det,99.0,RU,2020-04-20 03:38:20,54.0,57.31,88.17,43.52,9.22
696,Neiafu,20.0,TO,2020-04-20 03:38:20,66.0,-18.65,-173.98,86.0,8.05
697,Gilgit,100.0,PK,2020-04-20 03:38:20,25.0,35.92,74.31,52.25,3.06
698,Vagay,0.0,RU,2020-04-20 03:38:21,65.0,57.94,69.02,44.49,4.43
699,São João da Barra,99.0,BR,2020-04-20 03:38:21,84.0,-21.64,-41.05,69.08,7.09
700,Harper,100.0,LR,2020-04-20 03:38:21,84.0,4.38,-7.72,80.53,4.99
701,Rodolfo Sánchez Taboada,100.0,MX,2020-04-20 03:37:41,82.0,31.72,-116.57,61.0,7.0
702,Srednekolymsk,100.0,RU,2020-04-20 03:38:22,94.0,67.45,153.68,16.23,11.86
703,Lubao,40.0,PH,2020-04-20 03:38:22,55.0,14.92,120.55,93.2,2.24
704,Surok,40.0,RU,2020-04-20 03:38:22,86.0,56.45,48.12,37.4,2.24
705,Arroyo de la Encomienda,90.0,ES,2020-04-20 03:38:22,100.0,41.61,-4.8,44.01,1.39
706,Ponta Delgada,20.0,PT,2020-04-20 03:38:23,66.0,37.73,-25.67,53.6,8.05
707,Bedēsa,94.0,ET,2020-04-20 03:38:23,49.0,8.9,40.78,61.92,2.1
708,Lanivtsi,0.0,UA,2020-04-20 03:38:23,82.0,49.86,26.09,32.94,6.98
709,Bandarbeyla,83.0,SO,2020-04-20 03:38:23,71.0,9.49,50.81,81.79,3.4
710,Husavik,3.0,IS,2020-04-20 03:38:23,61.0,66.04,-17.34,48.2,17.22
711,Sinazongwe,61.0,ZM,2020-04-20 03:38:24,48.0,-17.26,27.46,71.4,4.97
712,Talnakh,99.0,RU,2020-04-20 03:38:24,69.0,69.49,88.4,37.4,33.55
713,Samarai,85.0,PG,2020-04-20 03:38:24,74.0,-10.62,150.67,84.61,7.58
714,Meulaboh,3.0,ID,2020-04-20 03:38:24,68.0,4.14,96.13,86.14,2.1
715,Meadow Lake,75.0,US,2020-04-20 03:38:25,20.0,34.8,-106.54,62.6,11.41
716,Hervey Bay,40.0,AU,2020-04-20 03:38:25,54.0,-25.3,152.85,86.0,4.7
717,Aktanysh,100.0,RU,2020-04-20 03:38:25,70.0,55.72,54.08,40.05,4.92
718,Tuy Hoa,66.0,VN,2020-04-20 03:38:25,59.0,13.08,109.3,86.29,3.06
719,Kalmunai,28.0,LK,2020-04-20 03:38:25,71.0,7.42,81.82,85.73,7.11
720,Sorong,10.0,ID,2020-04-20 03:35:41,68.0,-0.88,131.25,88.63,0.51
721,Malumfashi,46.0,NG,2020-04-20 03:38:26,46.0,11.79,7.62,76.5,14.2
722,Bathsheba,20.0,BB,2020-04-20 03:38:26,69.0,13.22,-59.52,80.6,14.99
723,Thai Binh,100.0,VN,2020-04-20 03:38:26,78.0,20.45,106.33,82.4,9.17
724,Hay River,40.0,CA,2020-04-20 03:38:27,74.0,60.82,-115.8,30.2,3.36
725,Pontes e Lacerda,23.0,BR,2020-04-20 03:38:27,87.0,-15.23,-59.34,71.51,1.79
726,Ambilobe,89.0,MG,2020-04-20 03:38:27,86.0,-13.2,49.05,71.08,4.59
727,Ivanava,0.0,BY,2020-04-20 03:38:27,93.0,52.15,25.54,30.7,6.76
728,Aktas,58.0,KZ,2020-04-20 03:38:28,62.0,49.78,72.96,57.2,6.71
729,Kutum,100.0,SD,2020-04-20 03:38:28,19.0,14.2,24.67,61.48,4.03
730,Bilāsipāra,66.0,IN,2020-04-20 03:38:28,59.0,26.23,90.23,81.37,9.31
731,Buraidah,75.0,SA,2020-04-20 03:33:57,60.0,26.33,43.98,68.0,13.87
732,Bloemfontein,0.0,ZA,2020-04-20 03:38:28,100.0,-29.12,26.21,50.0,4.7
733,Nishihara,90.0,JP,2020-04-20 03:38:29,93.0,26.18,127.76,68.0,8.05
734,Kennett,100.0,US,2020-04-20 03:38:29,93.0,36.24,-90.06,55.4,8.05
735,Butembo,95.0,CD,2020-04-20 03:38:29,63.0,0.15,29.28,56.75,0.98
736,Tanabe,40.0,JP,2020-04-20 03:38:29,82.0,33.73,135.37,68.0,9.17
737,Saint-Joseph,75.0,RE,2020-04-20 03:38:30,69.0,-21.37,55.62,75.2,9.17
738,Luanda,75.0,AO,2020-04-20 03:37:14,94.0,-8.84,13.23,78.8,3.36
739,Kaeo,100.0,NZ,2020-04-20 03:38:30,95.0,-35.1,173.78,62.01,1.99
740,Ocampo,0.0,MX,2020-04-20 03:38:31,16.0,21.65,-101.5,68.11,7.7
741,Kitakata,75.0,JP,2020-04-20 03:38:31,100.0,37.65,139.87,48.0,4.7
742,Novo Aripuanã,99.0,BR,2020-04-20 03:38:31,96.0,-5.12,-60.38,74.32,2.75
743,Bac Lieu,0.0,VN,2020-04-20 03:38:31,53.0,9.29,105.72,88.7,9.17
744,Berëzovka,0.0,BY,2020-04-20 03:38:31,95.0,53.72,25.5,30.52,4.72
745,St. George's,40.0,GD,2020-04-20 03:38:32,78.0,12.06,-61.75,80.6,19.46
746,Marabu,75.0,MY,2020-04-20 03:38:32,66.0,4.41,114.01,91.4,5.82
747,Port Macquarie,98.0,AU,2020-04-20 03:38:32,47.0,-31.43,152.92,78.01,1.01
748,Sobolevo,5.0,RU,2020-04-20 03:38:33,95.0,54.43,31.9,30.4,8.72
749,Litovko,100.0,RU,2020-04-20 03:38:33,41.0,49.24,135.17,54.75,6.35
750,Kainantu,51.0,PG,2020-04-20 03:38:33,43.0,-6.29,145.87,76.53,1.88
751,Máncora,94.0,PE,2020-04-20 03:38:33,64.0,-4.11,-81.05,78.22,8.66
752,Cardston,0.0,CA,2020-04-20 03:37:46,51.0,49.2,-113.3,39.81,9.86
753,Ati,86.0,TD,2020-04-20 03:38:34,14.0,13.22,18.34,80.02,11.92
754,Erenhot,0.0,CN,2020-04-20 03:38:34,44.0,43.65,111.98,31.55,24.45
755,Constitución,96.0,CL,2020-04-20 03:38:34,67.0,-35.33,-72.42,56.53,9.28
756,Ubari,91.0,LY,2020-04-20 03:38:34,16.0,26.59,12.78,80.02,18.05
757,Innisfail,56.0,AU,2020-04-20 03:38:07,51.0,-17.53,146.03,88.0,1.99
758,Kavieng,30.0,PG,2020-04-20 03:38:35,73.0,-2.57,150.8,84.33,5.17
759,Arica,34.0,CL,2020-04-20 03:38:35,72.0,-18.48,-70.3,66.2,2.24
760,Umm Kaddadah,87.0,SD,2020-04-20 03:38:35,16.0,13.6,26.69,72.55,12.71
761,Casablanca,20.0,MA,2020-04-20 03:38:16,93.0,33.59,-7.62,50.0,5.82
762,Fairbanks,90.0,US,2020-04-20 03:38:36,100.0,64.84,-147.72,44.01,6.93
763,Shatsk,100.0,RU,2020-04-20 03:38:36,74.0,54.03,41.71,37.63,2.17
764,Goba,100.0,ET,2020-04-20 03:38:36,40.0,7.02,39.98,53.15,2.64
765,Sawākin,0.0,SD,2020-04-20 03:38:36,43.0,19.11,37.33,76.71,2.77
766,San,76.0,ML,2020-04-20 03:38:37,30.0,13.3,-4.9,89.96,3.49
767,Pozo Colorado,0.0,PY,2020-04-20 03:38:37,53.0,-23.49,-58.8,68.02,3.83
768,Talara,99.0,PE,2020-04-20 03:38:37,72.0,-4.58,-81.27,74.7,11.39
769,Aasiaat,100.0,GL,2020-04-20 03:38:37,91.0,68.71,-52.87,25.75,19.48
770,Kiryat Gat,0.0,IL,2020-04-20 03:35:02,75.0,31.61,34.76,61.0,5.39
771,Bowmore,75.0,US,2020-04-20 03:38:38,77.0,34.94,-79.3,61.0,3.36
772,Eirunepé,5.0,BR,2020-04-20 03:38:38,70.0,-6.66,-69.87,71.94,0.18
773,Sol'vychegodsk,42.0,RU,2020-04-20 03:38:38,92.0,61.33,46.92,33.12,2.59
774,Jiuquan,22.0,CN,2020-04-20 03:38:38,21.0,39.74,98.52,50.5,5.86
775,Shingū,40.0,JP,2020-04-20 03:38:39,82.0,33.73,135.98,68.0,9.17
776,Chililabombwe,0.0,ZM,2020-04-20 03:38:39,66.0,-12.36,27.82,56.12,3.91
777,Yerbogachën,0.0,RU,2020-04-20 03:37:11,79.0,61.28,108.01,30.92,3.96
778,Miami,1.0,US,2020-04-20 03:35:05,83.0,25.77,-80.19,82.0,8.05
779,Sørland,75.0,NO,2020-04-20 03:38:40,93.0,67.67,12.69,42.8,10.29
780,Tainan City,40.0,TW,2020-04-20 03:38:40,62.0,22.99,120.21,84.2,9.17
781,Santa Cruz,20.0,MA,2020-04-20 03:38:40,82.0,30.42,-9.6,59.0,4.7
782,Povenets,91.0,RU,2020-04-20 03:38:40,96.0,62.85,34.83,31.87,4.38
783,Sisimiut,90.0,GL,2020-04-20 03:38:40,89.0,66.94,-53.67,25.88,18.84
784,Kapit,36.0,MY,2020-04-20 03:38:41,52.0,2.02,112.93,92.7,1.21
785,Abalak,0.0,RU,2020-04-20 03:38:41,63.0,58.13,68.59,44.08,5.17
786,Mmabatho,0.0,ZA,2020-04-20 03:38:41,82.0,-25.85,25.63,55.4,6.93
787,Kanniyākumāri,15.0,IN,2020-04-20 03:38:41,69.0,8.08,77.57,85.32,7.11
788,Grand Gaube,40.0,MU,2020-04-20 03:38:41,83.0,-20.01,57.66,75.2,23.04
789,Quisqueya,20.0,DO,2020-04-20 03:38:42,83.0,18.56,-69.41,80.01,5.82
790,Kot Radha Kishan,40.0,PK,2020-04-20 03:38:42,64.0,31.17,74.1,73.4,5.82
791,Berlin,0.0,DE,2020-04-20 03:35:08,60.0,52.52,13.41,45.0,5.82
792,Hobyo,100.0,SO,2020-04-20 03:38:42,74.0,5.35,48.53,84.11,7.49
793,Margate,0.0,GB,2020-04-20 03:38:43,72.0,51.38,1.39,50.0,8.01
794,Bud,40.0,US,2020-04-20 03:38:43,71.0,39.45,-86.18,52.0,6.38
795,Along,92.0,IN,2020-04-20 03:38:43,63.0,28.17,94.77,68.9,2.21
796,Anticala,92.0,PH,2020-04-20 03:38:43,58.0,9.0,125.65,88.57,1.05
797,Whitehorse,75.0,CA,2020-04-20 03:38:43,35.0,60.72,-135.05,57.2,17.22
798,Fonte Boa,94.0,BR,2020-04-20 03:38:44,92.0,-2.5,-66.27,73.8,1.86
799,Mogok,0.0,MM,2020-04-20 03:38:44,17.0,22.92,96.5,88.93,2.42
800,Fukuechō,75.0,JP,2020-04-20 03:38:44,67.0,32.69,128.84,62.6,10.29
801,Gao,28.0,ML,2020-04-20 03:38:44,30.0,16.64,1.64,86.88,10.18
802,Nuuk,65.0,GL,2020-04-20 03:38:23,54.0,64.18,-51.72,30.2,28.86
803,Linxia Chengguanzhen,100.0,CN,2020-04-20 03:38:45,38.0,35.6,103.21,41.61,3.18
804,Manicoré,98.0,BR,2020-04-20 03:38:45,100.0,-5.81,-61.3,75.2,3.36
805,Redmond,59.0,US,2020-04-20 03:37:57,76.0,47.67,-122.12,57.0,2.71
806,Kaputa,57.0,ZM,2020-04-20 03:38:45,68.0,-8.47,29.66,65.59,4.09
807,Celldömölk,94.0,HU,2020-04-20 03:38:46,70.0,47.26,17.15,45.0,2.1
808,Hauterive,90.0,FR,2020-04-20 03:38:46,93.0,46.09,3.45,55.4,2.24
809,Codrington,19.0,AU,2020-04-20 03:38:46,54.0,-38.27,141.97,61.39,21.23
810,Batagay-Alyta,34.0,RU,2020-04-20 03:38:46,87.0,67.8,130.41,25.43,4.7
811,Saint Anthony,1.0,US,2020-04-20 03:37:08,35.0,45.02,-93.22,44.6,3.36
812,Cockburn Town,38.0,TC,2020-04-20 03:34:01,84.0,21.46,-71.14,79.21,17.52
813,Shimoda,75.0,JP,2020-04-20 03:38:47,93.0,34.67,138.95,53.6,11.41
814,Biltine,100.0,TD,2020-04-20 03:38:47,16.0,14.53,20.92,74.7,8.48
815,Shekhupura,40.0,PK,2020-04-20 03:38:47,64.0,31.71,73.98,73.4,5.82
816,Krishnanagar,11.0,IN,2020-04-20 03:38:47,47.0,23.4,88.5,91.04,11.27
817,Dunedin,82.0,NZ,2020-04-20 03:38:48,50.0,-45.87,170.5,59.0,3.0
818,Nizwá,5.0,OM,2020-04-20 03:38:48,28.0,22.93,57.53,80.35,0.81
819,Valparaíso,0.0,CL,2020-04-20 03:36:06,87.0,-33.04,-71.63,59.0,5.82
820,Zeya,100.0,RU,2020-04-20 03:38:49,84.0,53.75,127.27,27.37,15.9
821,Nouakchott,0.0,MR,2020-04-20 03:35:12,68.0,18.09,-15.98,68.0,16.11
822,Matías Romero,0.0,MX,2020-04-20 03:38:50,68.0,16.88,-95.03,79.95,17.0
823,Payo,26.0,ID,2020-04-20 03:38:50,60.0,-3.75,103.64,88.54,2.37
824,Houma,90.0,US,2020-04-20 03:38:50,94.0,29.6,-90.72,79.0,13.87
825,Severnoye,8.0,RU,2020-04-20 03:38:50,75.0,56.35,78.36,53.64,4.59
826,Severobaykal'sk,21.0,RU,2020-04-20 03:38:51,76.0,55.65,109.32,23.25,13.0
827,Zapolyarnyy,75.0,RU,2020-04-20 03:38:51,93.0,69.42,30.81,35.6,26.4
828,Bubaque,48.0,GW,2020-04-20 03:37:23,71.0,11.28,-15.83,77.59,12.1
829,Gunjur,84.0,GM,2020-04-20 03:38:51,73.0,13.2,-16.73,73.4,6.93
830,Manta,20.0,EC,2020-04-20 03:38:52,74.0,-0.95,-80.73,78.8,6.93
831,Laguna,1.0,US,2020-04-20 03:38:52,55.0,38.42,-121.42,62.6,6.93
832,Kwang Binh,2.0,VN,2020-04-20 03:38:52,59.0,17.48,106.6,89.22,3.36
833,Keti Bandar,10.0,PK,2020-04-20 03:38:53,71.0,24.14,67.45,81.63,15.99
834,Thurso,0.0,GB,2020-04-20 03:38:53,87.0,58.59,-3.53,43.0,10.29
835,Melito di Porto Salvo,100.0,IT,2020-04-20 03:38:53,16.0,37.92,15.77,60.01,1.99
836,Huangzhou,40.0,CN,2020-04-20 03:38:53,93.0,30.45,114.8,59.0,2.24
837,Killybegs,4.0,IE,2020-04-20 03:38:54,79.0,54.63,-8.45,45.0,7.0
838,Břasy,0.0,CZ,2020-04-20 03:38:54,99.0,49.84,13.58,39.0,9.26
839,Impfondo,96.0,CG,2020-04-20 03:38:54,87.0,1.64,18.07,71.26,1.66
840,Camaná,17.0,PE,2020-04-20 03:34:35,72.0,-16.62,-72.71,69.78,5.39
841,Libreville,75.0,GA,2020-04-20 03:37:01,94.0,0.39,9.45,77.0,10.29
842,Tual,23.0,ID,2020-04-20 03:38:55,72.0,-5.67,132.75,84.9,4.81
843,Gamba,100.0,GA,2020-04-20 03:38:55,85.0,-2.65,10.0,77.54,3.74
844,Beihai,94.0,CN,2020-04-20 03:38:55,89.0,21.48,109.1,76.98,6.29
845,Verkhnyaya Sinyachikha,32.0,RU,2020-04-20 03:38:55,65.0,57.98,61.67,41.18,1.99
846,Thinadhoo,69.0,MV,2020-04-20 03:38:55,73.0,0.53,72.93,85.01,10.36
847,Matagami,1.0,CA,2020-04-20 03:38:56,77.0,49.75,-77.63,6.8,2.24
848,Cafarnaum,56.0,BR,2020-04-20 03:38:56,71.0,-11.69,-41.47,69.06,8.84
849,Ahipara,100.0,NZ,2020-04-20 03:38:56,90.0,-35.17,173.17,64.58,5.86
850,Vysokogornyy,100.0,RU,2020-04-20 03:38:56,41.0,50.12,139.15,53.26,2.33
851,Pecos,1.0,US,2020-04-20 03:38:57,11.0,31.42,-103.49,72.0,13.87
852,Aloleng,97.0,PH,2020-04-20 03:38:57,64.0,16.13,119.78,87.04,4.54
853,Buchanan,40.0,LR,2020-04-20 03:38:57,94.0,5.88,-10.05,78.8,2.57
854,Hoquiam,1.0,US,2020-04-20 03:38:57,81.0,46.98,-123.89,52.0,9.17
855,Brae,0.0,GB,2020-04-20 03:38:57,86.0,60.4,-1.35,42.8,12.75
856,Gladstone,40.0,AU,2020-04-20 03:38:58,54.0,-23.85,151.25,84.2,5.82
857,Camopi,100.0,GF,2020-04-20 03:38:58,94.0,3.17,-52.32,73.71,2.62
858,Majene,85.0,ID,2020-04-20 03:38:58,60.0,-3.54,118.97,87.31,4.0
859,Forsytheganj,0.0,BY,2020-04-20 03:38:58,96.0,52.63,29.73,30.7,8.34
860,Vestmanna,4.0,FO,2020-04-20 03:38:58,100.0,62.16,-7.17,41.0,10.29
861,Chokwé,0.0,MZ,2020-04-20 03:38:59,93.0,-24.53,32.98,64.0,7.72
862,Necochea,95.0,AR,2020-04-20 03:38:59,77.0,-38.55,-58.74,58.95,4.83
863,La Santisima Trinidad,6.0,BO,2020-04-20 03:38:59,80.0,-14.83,-64.9,72.25,2.48
864,Terekli-Mekteb,74.0,RU,2020-04-20 03:38:59,64.0,44.17,45.87,53.74,7.56
865,Parakai,100.0,NZ,2020-04-20 03:39:00,88.0,-36.65,174.43,64.99,2.35
866,Maţāy,0.0,EG,2020-04-20 03:39:00,57.0,28.42,30.78,61.97,16.31
867,Bondo,100.0,CD,2020-04-20 03:39:00,84.0,3.81,23.69,70.2,1.83
868,Caravelas,15.0,BR,2020-04-20 03:39:00,78.0,-17.71,-39.25,74.89,13.18
869,Ogaminana,100.0,NG,2020-04-20 03:39:00,81.0,7.59,6.22,75.54,7.87
870,Seoul,90.0,KR,2020-04-20 03:37:53,66.0,37.57,126.98,57.2,14.83
871,Gijang,20.0,KR,2020-04-20 03:39:01,51.0,35.24,129.21,62.6,10.29
872,Ambanja,93.0,MG,2020-04-20 03:39:01,83.0,-13.68,48.45,74.61,3.94
873,Inhambane,9.0,MZ,2020-04-20 03:38:26,84.0,-23.86,35.38,72.72,9.95
874,Teya,97.0,RU,2020-04-20 03:39:01,63.0,60.38,92.63,38.68,7.85
875,Svetlaya,100.0,RU,2020-04-20 03:39:02,69.0,46.54,138.33,43.2,5.26
876,Lere,100.0,NG,2020-04-20 03:39:02,58.0,10.39,8.57,73.0,6.26
877,Gardner,1.0,US,2020-04-20 03:39:02,57.0,42.58,-72.0,50.0,5.82
878,Denpasar,20.0,ID,2020-04-20 03:35:39,79.0,-8.65,115.22,87.8,6.93
879,Verkh-Suetka,19.0,RU,2020-04-20 03:39:03,38.0,53.3,80.05,59.59,4.79
880,San Miguel de Tucumán,0.0,AR,2020-04-20 03:36:23,88.0,-26.82,-65.22,64.4,6.93
881,Manjeshwar,20.0,IN,2020-04-20 03:39:03,74.0,12.72,74.89,86.0,4.7
882,Bonfim,99.0,BR,2020-04-20 03:39:03,60.0,3.08,-59.95,82.98,5.48
883,Avanigadda,34.0,IN,2020-04-20 03:39:04,62.0,16.02,80.92,89.02,7.96
884,Leeuwarden,0.0,NL,2020-04-20 03:39:04,60.0,53.2,5.81,41.0,11.41
885,Paso Blanco,73.0,PA,2020-04-20 03:39:04,85.0,9.13,-79.23,77.47,6.55
886,Kautokeino,100.0,NO,2020-04-20 03:39:04,83.0,69.01,23.04,35.26,8.7
887,Pacifica,75.0,US,2020-04-20 03:37:26,66.0,37.61,-122.49,55.99,12.75
888,Maragogi,25.0,BR,2020-04-20 03:39:05,83.0,-9.01,-35.22,78.94,7.29
889,Tabora,75.0,TZ,2020-04-20 03:39:05,94.0,-5.02,32.8,68.0,2.44
890,Tiznit Province,75.0,MA,2020-04-20 03:39:05,71.0,29.58,-9.5,54.28,5.73
891,Kokopo,100.0,PG,2020-04-20 03:39:05,78.0,-4.35,152.26,83.44,4.56
892,Yenagoa,100.0,NG,2020-04-20 03:39:06,88.0,4.92,6.26,76.26,1.5
893,Suntar,100.0,RU,2020-04-20 03:39:06,89.0,62.14,117.63,27.66,5.68
894,Mayumba,100.0,GA,2020-04-20 03:39:06,85.0,-3.43,10.66,78.55,7.29
895,Campana,0.0,AR,2020-04-20 03:36:22,77.0,-34.17,-58.96,62.01,4.43
